-- phpMyAdmin SQL Dump
-- version 5.2.1
-- https://www.phpmyadmin.net/
--
-- Host: 127.0.0.1:3307
-- Generation Time: Apr 24, 2026 at 08:05 AM
-- Server version: 10.4.32-MariaDB
-- PHP Version: 8.2.12

SET SQL_MODE = "NO_AUTO_VALUE_ON_ZERO";
START TRANSACTION;
SET time_zone = "+00:00";


/*!40101 SET @OLD_CHARACTER_SET_CLIENT=@@CHARACTER_SET_CLIENT */;
/*!40101 SET @OLD_CHARACTER_SET_RESULTS=@@CHARACTER_SET_RESULTS */;
/*!40101 SET @OLD_COLLATION_CONNECTION=@@COLLATION_CONNECTION */;
/*!40101 SET NAMES utf8mb4 */;

--
-- Database: `food_delivery`
--

-- --------------------------------------------------------

--
-- Table structure for table `addresses`
--

CREATE TABLE `addresses` (
  `id` int(10) UNSIGNED NOT NULL,
  `user_id` int(10) UNSIGNED NOT NULL,
  `address_line1` varchar(255) NOT NULL,
  `address_line2` varchar(255) DEFAULT NULL,
  `city` varchar(100) NOT NULL,
  `lat` decimal(10,8) DEFAULT NULL,
  `lng` decimal(11,8) DEFAULT NULL,
  `is_default` tinyint(1) NOT NULL DEFAULT 0,
  `created_at` timestamp NOT NULL DEFAULT current_timestamp(),
  `flat_no` varchar(100) DEFAULT NULL,
  `landmark` varchar(255) DEFAULT NULL,
  `label` varchar(100) DEFAULT 'Home'
) ENGINE=InnoDB DEFAULT CHARSET=utf8mb4 COLLATE=utf8mb4_unicode_ci;

--
-- Dumping data for table `addresses`
--

INSERT INTO `addresses` (`id`, `user_id`, `address_line1`, `address_line2`, `city`, `lat`, `lng`, `is_default`, `created_at`, `flat_no`, `landmark`, `label`) VALUES
(1, 5, 'Flat 402, Sea View Apartments', 'Tithal Road', 'Valsad', 20.60800000, 72.90000000, 1, '2026-02-27 07:50:31', NULL, NULL, 'Home'),
(2, 6, 'Plot 15, Halar Row Houses', 'Halar', 'Valsad', 20.61800000, 72.94000000, 1, '2026-02-27 07:50:31', NULL, NULL, 'Home'),
(3, 2, 'MotaTaiwad', '', 'Vlasad', 0.00000000, 0.00000000, 1, '2026-02-27 09:06:38', NULL, NULL, 'Home'),
(4, 11, 'Motataiwad', '', 'VALSAD', 20.61280000, 72.93140000, 1, '2026-02-27 14:32:24', NULL, NULL, 'Home'),
(9, 11, 'MOTATAIWAD', NULL, 'Valsad', 20.62148950, 72.92468710, 0, '2026-03-01 05:56:05', 'MOTATAIWAD', '', 'Home'),
(10, 11, 'GPS Location', NULL, 'Valsad', 20.62142760, 72.92465100, 0, '2026-03-01 05:59:17', '', '', 'Home'),
(11, 11, 'MOTATAIWAD', NULL, 'Valsad', 20.62140050, 72.92460030, 0, '2026-03-01 06:40:04', 'MOTATAIWAD', '', 'Home'),
(12, 11, 'valsad', NULL, 'Valsad', 20.62145760, 72.92465000, 0, '2026-03-01 06:43:33', 'valsad', '', 'Home'),
(13, 13, 'GPS Location', NULL, 'Valsad', 20.60769200, 72.90825680, 0, '2026-03-10 06:13:48', '', '', 'Home'),
(14, 13, 'GPS Location', NULL, 'Valsad', 20.60755400, 72.90844060, 0, '2026-03-10 06:17:12', '', '', 'Home'),
(15, 13, 'GPS Location', NULL, 'Valsad', 20.60746910, 72.90877500, 0, '2026-03-10 06:35:33', '', '', 'Home'),
(16, 13, 'GPS Location', NULL, 'Valsad', 20.62184500, 72.92495330, 0, '2026-03-10 07:43:47', '', '', 'Home'),
(17, 13, 'GPS Location', NULL, 'Valsad', 20.62195670, 72.92486170, 0, '2026-03-10 08:01:59', '', '', 'Home'),
(18, 13, 'GPS Location', NULL, 'Valsad', 20.62134230, 72.92669030, 0, '2026-03-11 06:21:20', '', '', 'Home'),
(19, 13, 'GPS Location', NULL, 'Valsad', 20.62137350, 72.92667070, 0, '2026-03-11 06:24:36', '', '', 'Home'),
(20, 13, 'Valsad', NULL, 'Valsad', 20.62160990, 72.92471830, 0, '2026-03-12 09:28:31', 'Valsad', '', 'Home'),
(22, 13, '01', NULL, 'Valsad', 20.60760560, 72.90840850, 0, '2026-03-28 06:20:07', '01', 'Tithal road', 'Home'),
(23, 13, '3', NULL, '', 20.60772200, 72.90837190, 0, '2026-03-30 09:25:31', '3', 'Tithal', 'Home'),
(24, 11, 'dsu', NULL, 'Valsad', 20.60773730, 72.90905690, 0, '2026-04-20 06:23:14', 'dsu', '', 'Home');

-- --------------------------------------------------------

--
-- Table structure for table `categories`
--

CREATE TABLE `categories` (
  `id` int(10) UNSIGNED NOT NULL,
  `restaurant_id` int(10) UNSIGNED NOT NULL,
  `name` varchar(100) NOT NULL,
  `sort_order` int(10) UNSIGNED NOT NULL DEFAULT 0
) ENGINE=InnoDB DEFAULT CHARSET=utf8mb4 COLLATE=utf8mb4_unicode_ci;

--
-- Dumping data for table `categories`
--

INSERT INTO `categories` (`id`, `restaurant_id`, `name`, `sort_order`) VALUES
(1, 1, 'Starters', 0),
(2, 1, 'Main Course', 0),
(3, 1, 'Breads', 0),
(4, 1, 'Beverages', 0),
(5, 2, 'FastFood', 1),
(6, 2, 'Farsan', 2),
(7, 3, 'Burgers', 1),
(8, 3, 'Sides', 2),
(9, 4, 'Indian', 0),
(10, 2, 'Main Thali', 0);

-- --------------------------------------------------------

--
-- Table structure for table `chat_messages`
--

CREATE TABLE `chat_messages` (
  `id` int(10) UNSIGNED NOT NULL,
  `order_id` int(10) UNSIGNED NOT NULL,
  `sender_id` int(10) UNSIGNED NOT NULL,
  `sender_role` enum('customer','delivery_boy') NOT NULL DEFAULT 'customer',
  `message` text NOT NULL,
  `is_read` tinyint(1) NOT NULL DEFAULT 0,
  `created_at` timestamp NOT NULL DEFAULT current_timestamp()
) ENGINE=InnoDB DEFAULT CHARSET=utf8mb4 COLLATE=utf8mb4_unicode_ci;

--
-- Dumping data for table `chat_messages`
--

INSERT INTO `chat_messages` (`id`, `order_id`, `sender_id`, `sender_role`, `message`, `is_read`, `created_at`) VALUES
(1, 5, 4, 'delivery_boy', 'hii sir where are you', 1, '2026-02-28 06:34:44'),
(2, 5, 11, 'customer', 'hii', 1, '2026-02-28 07:01:23'),
(3, 10, 11, 'customer', 'oo Bhai kaa chetu', 1, '2026-02-28 10:06:14'),
(4, 10, 4, 'delivery_boy', 'are bhai pohch hi gaya ruk 5 min', 1, '2026-02-28 10:07:22'),
(5, 10, 11, 'customer', 'okay jalli aa chal', 1, '2026-02-28 10:07:46'),
(6, 10, 4, 'delivery_boy', 'theek hei aya', 1, '2026-02-28 10:07:58'),
(7, 10, 11, 'customer', 'done', 1, '2026-02-28 10:08:14'),
(8, 10, 4, 'delivery_boy', 'ft', 1, '2026-02-28 10:08:18'),
(9, 24, 12, 'delivery_boy', 'hii', 1, '2026-03-28 06:22:09'),
(10, 25, 12, 'delivery_boy', 'hii', 1, '2026-03-30 09:27:08'),
(11, 26, 12, 'delivery_boy', 'hiii bro', 1, '2026-04-20 06:24:39'),
(12, 26, 11, 'customer', 'yooo', 1, '2026-04-20 06:24:53');

-- --------------------------------------------------------

--
-- Table structure for table `coupons`
--

CREATE TABLE `coupons` (
  `id` int(10) UNSIGNED NOT NULL,
  `code` varchar(50) NOT NULL,
  `discount_type` enum('flat','percent') NOT NULL DEFAULT 'flat',
  `discount_value` decimal(8,2) NOT NULL,
  `min_order_amount` decimal(8,2) NOT NULL DEFAULT 0.00,
  `valid_from` date NOT NULL,
  `valid_until` date NOT NULL,
  `usage_limit` int(10) UNSIGNED NOT NULL DEFAULT 100,
  `used_count` int(10) UNSIGNED NOT NULL DEFAULT 0,
  `is_active` tinyint(1) NOT NULL DEFAULT 1,
  `created_at` timestamp NOT NULL DEFAULT current_timestamp()
) ENGINE=InnoDB DEFAULT CHARSET=utf8mb4 COLLATE=utf8mb4_unicode_ci;

--
-- Dumping data for table `coupons`
--

INSERT INTO `coupons` (`id`, `code`, `discount_type`, `discount_value`, `min_order_amount`, `valid_from`, `valid_until`, `usage_limit`, `used_count`, `is_active`, `created_at`) VALUES
(4, 'SAVE20', 'percent', 100.00, 5.00, '2026-04-20', '2026-04-21', 100, 0, 1, '2026-04-20 06:31:57'),
(6, 'SAVE50', 'percent', 50.00, 78.00, '2026-04-20', '2026-04-22', 100, 0, 1, '2026-04-20 06:32:52');

-- --------------------------------------------------------

--
-- Table structure for table `delivery_boys`
--

CREATE TABLE `delivery_boys` (
  `id` int(10) UNSIGNED NOT NULL,
  `user_id` int(10) UNSIGNED NOT NULL,
  `status` enum('available','busy','offline') NOT NULL DEFAULT 'offline',
  `is_online` tinyint(1) NOT NULL DEFAULT 1,
  `active_order_id` int(10) UNSIGNED DEFAULT NULL,
  `last_seen_at` datetime DEFAULT NULL,
  `current_lat` decimal(10,8) DEFAULT NULL,
  `current_lng` decimal(11,8) DEFAULT NULL,
  `total_earnings` decimal(10,2) NOT NULL DEFAULT 0.00,
  `rating_avg` decimal(3,2) NOT NULL DEFAULT 0.00,
  `rating_count` int(10) UNSIGNED NOT NULL DEFAULT 0,
  `vehicle_number` varchar(50) DEFAULT NULL,
  `vehicle_type` varchar(50) DEFAULT NULL,
  `created_at` timestamp NOT NULL DEFAULT current_timestamp(),
  `updated_at` timestamp NOT NULL DEFAULT current_timestamp() ON UPDATE current_timestamp()
) ENGINE=InnoDB DEFAULT CHARSET=utf8mb4 COLLATE=utf8mb4_unicode_ci;

--
-- Dumping data for table `delivery_boys`
--

INSERT INTO `delivery_boys` (`id`, `user_id`, `status`, `is_online`, `active_order_id`, `last_seen_at`, `current_lat`, `current_lng`, `total_earnings`, `rating_avg`, `rating_count`, `vehicle_number`, `vehicle_type`, `created_at`, `updated_at`) VALUES
(1, 4, 'available', 1, NULL, '2026-02-28 11:25:21', 20.62148810, 72.92462800, 120.00, 4.50, 2, NULL, NULL, '2026-02-27 07:50:15', '2026-02-28 10:25:21'),
(2, 9, 'busy', 1, 1, '2026-02-28 07:33:14', 20.62154830, 72.92481170, 0.00, 0.00, 0, NULL, NULL, '2026-02-27 07:50:31', '2026-02-28 06:33:14'),
(3, 10, 'available', 1, NULL, NULL, 20.60000000, 72.91000000, 0.00, 0.00, 0, NULL, NULL, '2026-02-27 07:50:31', '2026-02-27 07:50:31'),
(4, 12, 'available', 1, NULL, '2026-04-20 08:26:08', 20.60773850, 72.90906000, 360.00, 5.00, 2, NULL, NULL, '2026-03-01 05:50:00', '2026-04-20 06:26:11');

-- --------------------------------------------------------

--
-- Table structure for table `delivery_requests`
--

CREATE TABLE `delivery_requests` (
  `id` int(10) UNSIGNED NOT NULL,
  `order_id` int(10) UNSIGNED NOT NULL,
  `delivery_boy_id` int(10) UNSIGNED NOT NULL,
  `request_status` enum('pending','accepted','rejected','missed','cancelled') NOT NULL DEFAULT 'pending',
  `created_at` timestamp NOT NULL DEFAULT current_timestamp(),
  `expires_at` datetime DEFAULT NULL,
  `cancelled_reason` varchar(255) DEFAULT NULL
) ENGINE=InnoDB DEFAULT CHARSET=utf8mb4 COLLATE=utf8mb4_general_ci;

--
-- Dumping data for table `delivery_requests`
--

INSERT INTO `delivery_requests` (`id`, `order_id`, `delivery_boy_id`, `request_status`, `created_at`, `expires_at`, `cancelled_reason`) VALUES
(1, 1, 1, 'cancelled', '2026-02-27 09:40:02', NULL, 'Order assigned to another delivery partner'),
(2, 1, 2, 'accepted', '2026-02-27 09:40:02', NULL, NULL),
(3, 1, 3, 'cancelled', '2026-02-27 09:40:02', NULL, 'Order assigned to another delivery partner'),
(4, 2, 1, 'rejected', '2026-02-27 09:40:02', NULL, NULL),
(5, 2, 2, 'pending', '2026-02-27 09:40:02', NULL, NULL),
(6, 2, 3, 'pending', '2026-02-27 09:40:02', NULL, NULL),
(7, 4, 1, 'rejected', '2026-02-27 10:11:55', NULL, NULL),
(8, 4, 2, 'pending', '2026-02-27 10:11:55', NULL, NULL),
(9, 4, 3, 'pending', '2026-02-27 10:11:55', NULL, NULL),
(15, 5, 1, 'accepted', '2026-02-28 06:32:24', '2026-02-28 12:32:24', NULL),
(16, 5, 3, 'cancelled', '2026-02-28 06:32:24', '2026-02-28 12:32:24', 'Order assigned to another delivery partner'),
(17, 7, 1, 'accepted', '2026-02-28 08:14:01', '2026-02-28 13:44:31', NULL),
(18, 7, 3, 'cancelled', '2026-02-28 08:14:01', '2026-02-28 13:44:31', 'Order assigned to another delivery partner'),
(19, 8, 1, 'pending', '2026-02-28 09:52:35', '2026-02-28 15:23:05', NULL),
(20, 8, 3, 'pending', '2026-02-28 09:52:35', '2026-02-28 15:23:05', NULL),
(21, 9, 1, 'pending', '2026-02-28 09:56:18', '2026-02-28 15:26:48', NULL),
(22, 9, 3, 'pending', '2026-02-28 09:56:18', '2026-02-28 15:26:48', NULL),
(23, 10, 1, 'accepted', '2026-02-28 09:59:33', '2026-02-28 15:30:03', NULL),
(24, 10, 3, 'cancelled', '2026-02-28 09:59:33', '2026-02-28 15:30:03', 'Order assigned to another delivery partner'),
(25, 11, 1, 'pending', '2026-03-01 05:56:20', '2026-03-01 11:26:50', NULL),
(26, 11, 3, 'pending', '2026-03-01 05:56:20', '2026-03-01 11:26:50', NULL),
(27, 12, 1, 'cancelled', '2026-03-01 05:59:49', '2026-03-01 11:30:19', 'Order assigned to another delivery partner'),
(28, 12, 3, 'cancelled', '2026-03-01 05:59:49', '2026-03-01 11:30:19', 'Order assigned to another delivery partner'),
(29, 12, 4, 'accepted', '2026-03-01 05:59:49', '2026-03-01 11:30:19', NULL),
(30, 13, 1, 'pending', '2026-03-01 06:41:05', '2026-03-01 12:11:35', NULL),
(31, 13, 3, 'pending', '2026-03-01 06:41:05', '2026-03-01 12:11:35', NULL),
(32, 13, 4, 'pending', '2026-03-01 06:41:05', '2026-03-01 12:11:35', NULL),
(33, 14, 1, 'cancelled', '2026-03-01 06:43:51', '2026-03-01 12:14:21', 'Order assigned to another delivery partner'),
(34, 14, 3, 'cancelled', '2026-03-01 06:43:51', '2026-03-01 12:14:21', 'Order assigned to another delivery partner'),
(35, 14, 4, 'accepted', '2026-03-01 06:43:51', '2026-03-01 12:14:21', NULL),
(36, 15, 1, 'pending', '2026-03-10 06:14:35', '2026-03-10 11:45:05', NULL),
(37, 15, 3, 'pending', '2026-03-10 06:14:35', '2026-03-10 11:45:05', NULL),
(38, 15, 4, 'pending', '2026-03-10 06:14:35', '2026-03-10 11:45:05', NULL),
(39, 16, 1, 'cancelled', '2026-03-10 06:17:33', '2026-03-10 11:48:03', 'Order assigned to another delivery partner'),
(40, 16, 3, 'cancelled', '2026-03-10 06:17:33', '2026-03-10 11:48:03', 'Order assigned to another delivery partner'),
(41, 16, 4, 'accepted', '2026-03-10 06:17:33', '2026-03-10 11:48:03', NULL),
(42, 17, 1, 'cancelled', '2026-03-10 06:35:53', '2026-03-10 12:06:23', 'Order assigned to another delivery partner'),
(43, 17, 3, 'cancelled', '2026-03-10 06:35:53', '2026-03-10 12:06:23', 'Order assigned to another delivery partner'),
(44, 17, 4, 'accepted', '2026-03-10 06:35:53', '2026-03-10 12:06:23', NULL),
(45, 18, 1, 'cancelled', '2026-03-10 07:45:08', NULL, 'Order assigned to another delivery partner'),
(46, 18, 3, 'cancelled', '2026-03-10 07:45:08', NULL, 'Order assigned to another delivery partner'),
(47, 18, 4, 'accepted', '2026-03-10 07:45:08', NULL, NULL),
(48, 22, 1, 'cancelled', '2026-03-12 09:39:02', NULL, 'Order assigned to another delivery partner'),
(49, 22, 3, 'cancelled', '2026-03-12 09:39:02', NULL, 'Order assigned to another delivery partner'),
(50, 22, 4, 'accepted', '2026-03-12 09:39:02', NULL, NULL),
(51, 23, 1, 'cancelled', '2026-03-13 05:21:25', NULL, 'Order assigned to another delivery partner'),
(52, 23, 3, 'cancelled', '2026-03-13 05:21:25', NULL, 'Order assigned to another delivery partner'),
(53, 23, 4, 'accepted', '2026-03-13 05:21:25', NULL, NULL),
(54, 24, 1, 'cancelled', '2026-03-28 06:20:43', NULL, 'Order assigned to another delivery partner'),
(55, 24, 3, 'cancelled', '2026-03-28 06:20:43', NULL, 'Order assigned to another delivery partner'),
(56, 24, 4, 'accepted', '2026-03-28 06:20:43', NULL, NULL),
(57, 25, 1, 'cancelled', '2026-03-30 09:26:11', NULL, 'Order assigned to another delivery partner'),
(58, 25, 3, 'cancelled', '2026-03-30 09:26:11', NULL, 'Order assigned to another delivery partner'),
(59, 25, 4, 'accepted', '2026-03-30 09:26:11', NULL, NULL),
(60, 26, 1, 'cancelled', '2026-04-20 06:23:39', NULL, 'Order assigned to another delivery partner'),
(61, 26, 3, 'cancelled', '2026-04-20 06:23:39', NULL, 'Order assigned to another delivery partner'),
(62, 26, 4, 'accepted', '2026-04-20 06:23:39', NULL, NULL);

-- --------------------------------------------------------

--
-- Table structure for table `delivery_tracking`
--

CREATE TABLE `delivery_tracking` (
  `id` int(10) UNSIGNED NOT NULL,
  `order_id` int(10) UNSIGNED NOT NULL,
  `delivery_boy_id` int(10) UNSIGNED NOT NULL,
  `lat` decimal(10,8) NOT NULL,
  `lng` decimal(11,8) NOT NULL,
  `recorded_at` timestamp NOT NULL DEFAULT current_timestamp()
) ENGINE=InnoDB DEFAULT CHARSET=utf8mb4 COLLATE=utf8mb4_general_ci;

--
-- Dumping data for table `delivery_tracking`
--

INSERT INTO `delivery_tracking` (`id`, `order_id`, `delivery_boy_id`, `lat`, `lng`, `recorded_at`) VALUES
(1, 1, 2, 20.62154590, 72.92467170, '2026-02-28 02:02:23'),
(2, 1, 2, 20.62154990, 72.92481570, '2026-02-28 02:02:29'),
(3, 1, 2, 20.62154000, 72.92483820, '2026-02-28 02:02:39'),
(4, 1, 2, 20.62158830, 72.92484470, '2026-02-28 02:02:45'),
(5, 1, 2, 20.62159150, 72.92483360, '2026-02-28 02:02:50'),
(6, 1, 2, 20.62159200, 72.92483330, '2026-02-28 02:02:55'),
(7, 1, 2, 20.62157190, 72.92481850, '2026-02-28 02:03:00'),
(8, 1, 2, 20.62154830, 72.92481170, '2026-02-28 02:03:14'),
(9, 5, 1, 20.62155000, 72.92466520, '2026-02-28 02:04:19'),
(10, 5, 1, 20.62155000, 72.92466510, '2026-02-28 02:04:24'),
(11, 5, 1, 20.62149230, 72.92471110, '2026-02-28 02:04:29'),
(12, 5, 1, 20.62149170, 72.92471170, '2026-02-28 02:04:34'),
(13, 5, 1, 20.62148840, 72.92473260, '2026-02-28 02:04:39'),
(14, 5, 1, 20.62157790, 72.92472530, '2026-02-28 02:04:44'),
(15, 5, 1, 20.62157790, 72.92472530, '2026-02-28 02:04:49'),
(16, 5, 1, 20.62139710, 72.92622030, '2026-02-28 02:06:59'),
(17, 5, 1, 20.62145260, 72.92492660, '2026-02-28 02:07:04'),
(18, 5, 1, 20.62145260, 72.92492660, '2026-02-28 02:07:09'),
(19, 5, 1, 20.62145500, 72.92482870, '2026-02-28 02:07:14'),
(20, 5, 1, 20.62145500, 72.92482670, '2026-02-28 02:07:19'),
(21, 5, 1, 20.62145500, 72.92482670, '2026-02-28 02:07:26'),
(22, 5, 1, 20.62135230, 72.92467910, '2026-02-28 02:07:29'),
(23, 5, 1, 20.62135650, 72.92469110, '2026-02-28 02:07:34'),
(24, 5, 1, 20.62131960, 72.92475050, '2026-02-28 02:07:39'),
(25, 5, 1, 20.62131830, 72.92475320, '2026-02-28 02:07:44'),
(26, 5, 1, 20.62131830, 72.92475330, '2026-02-28 02:07:49'),
(27, 5, 1, 20.62131830, 72.92475330, '2026-02-28 02:07:54'),
(28, 5, 1, 20.62131830, 72.92475330, '2026-02-28 02:07:59'),
(29, 5, 1, 20.62139660, 72.92479640, '2026-02-28 02:08:05'),
(30, 5, 1, 20.62139830, 72.92479820, '2026-02-28 02:08:09'),
(31, 5, 1, 20.62139830, 72.92479830, '2026-02-28 02:08:14'),
(32, 5, 1, 20.62139830, 72.92479830, '2026-02-28 02:08:19'),
(33, 5, 1, 20.62139830, 72.92479830, '2026-02-28 02:08:24'),
(34, 5, 1, 20.62139830, 72.92479830, '2026-02-28 02:08:29'),
(35, 5, 1, 20.62139010, 72.92477360, '2026-02-28 02:08:34'),
(36, 5, 1, 20.62139000, 72.92477330, '2026-02-28 02:08:39'),
(37, 5, 1, 20.62139000, 72.92477330, '2026-02-28 02:08:44'),
(38, 5, 1, 20.62138830, 72.92479170, '2026-02-28 02:08:59'),
(39, 5, 1, 20.62138830, 72.92479170, '2026-02-28 02:09:04'),
(40, 5, 1, 20.62141510, 72.92479230, '2026-02-28 02:09:09'),
(41, 5, 1, 20.62142510, 72.92478840, '2026-02-28 02:09:14'),
(42, 5, 1, 20.62142610, 72.92478660, '2026-02-28 02:09:19'),
(43, 5, 1, 20.62142640, 72.92478370, '2026-02-28 02:09:25'),
(44, 5, 1, 20.62144260, 72.92476260, '2026-02-28 02:09:31'),
(45, 5, 1, 20.62137150, 72.92667140, '2026-02-28 02:31:26'),
(46, 5, 1, 20.62136000, 72.92667550, '2026-02-28 02:31:35'),
(47, 5, 1, 20.62148310, 72.92519030, '2026-02-28 02:31:49'),
(48, 5, 1, 20.62157870, 72.92476780, '2026-02-28 02:31:58'),
(49, 5, 1, 20.62151730, 72.92473700, '2026-02-28 02:32:03'),
(50, 5, 1, 20.62151000, 72.92472330, '2026-02-28 02:32:21'),
(51, 5, 1, 20.62155240, 72.92469860, '2026-02-28 02:32:26'),
(52, 5, 1, 20.62155790, 72.92468880, '2026-02-28 02:32:31'),
(53, 5, 1, 20.62155300, 72.92469250, '2026-02-28 02:32:36'),
(54, 5, 1, 20.62155380, 72.92469080, '2026-02-28 02:32:41'),
(55, 5, 1, 20.62154350, 72.92469520, '2026-02-28 02:32:46'),
(56, 5, 1, 20.62153250, 72.92466570, '2026-02-28 02:32:51'),
(57, 5, 1, 20.62146770, 72.92466490, '2026-02-28 02:32:56'),
(58, 5, 1, 20.62144570, 72.92465220, '2026-02-28 02:33:01'),
(59, 5, 1, 20.62141580, 72.92466450, '2026-02-28 02:33:06'),
(60, 5, 1, 20.62141580, 72.92466450, '2026-02-28 02:33:11'),
(61, 5, 1, 20.62127240, 72.92624660, '2026-02-28 02:34:48'),
(62, 5, 1, 20.62127240, 72.92624660, '2026-02-28 02:34:52'),
(63, 5, 1, 20.62128150, 72.92489110, '2026-02-28 02:34:56'),
(64, 5, 1, 20.62140940, 72.92477970, '2026-02-28 02:35:01'),
(65, 5, 1, 20.62142930, 72.92473040, '2026-02-28 02:35:06'),
(66, 5, 1, 20.62143640, 72.92468370, '2026-02-28 02:35:11'),
(67, 5, 1, 20.62143670, 72.92468180, '2026-02-28 02:35:16'),
(68, 5, 1, 20.62146230, 72.92466570, '2026-02-28 02:35:21'),
(69, 5, 1, 20.62146670, 72.92467660, '2026-02-28 02:35:26'),
(70, 5, 1, 20.62130890, 72.92465460, '2026-02-28 03:21:19'),
(71, 5, 1, 20.62145130, 72.92466670, '2026-02-28 03:21:24'),
(72, 5, 1, 20.62145330, 72.92470660, '2026-02-28 03:21:30'),
(73, 5, 1, 20.62145980, 72.92473220, '2026-02-28 03:21:34'),
(74, 5, 1, 20.62146000, 72.92472370, '2026-02-28 03:21:39'),
(75, 5, 1, 20.62146000, 72.92472330, '2026-02-28 03:21:44'),
(76, 5, 1, 20.62145190, 72.92472330, '2026-02-28 03:21:49'),
(77, 5, 1, 20.62145190, 72.92472330, '2026-02-28 03:21:54'),
(78, 5, 1, 20.62145170, 72.92472330, '2026-02-28 03:22:01'),
(79, 5, 1, 20.62145670, 72.92472330, '2026-02-28 03:22:04'),
(80, 5, 1, 20.62145670, 72.92472330, '2026-02-28 03:22:09'),
(81, 5, 1, 20.62145670, 72.92472330, '2026-02-28 03:22:15'),
(82, 5, 1, 20.62144000, 72.92472670, '2026-02-28 03:22:19'),
(83, 5, 1, 20.62145140, 72.92472020, '2026-02-28 03:22:25'),
(84, 7, 1, 20.62135320, 72.92667790, '2026-02-28 03:44:23'),
(85, 7, 1, 20.62135740, 72.92667640, '2026-02-28 03:44:40'),
(86, 7, 1, 20.62136540, 72.92667360, '2026-02-28 03:44:50'),
(87, 7, 1, 20.62135840, 72.92667610, '2026-02-28 03:44:53'),
(88, 7, 1, 20.62135840, 72.92667610, '2026-02-28 03:44:58'),
(89, 10, 1, 20.62145010, 72.92465270, '2026-02-28 05:41:57'),
(90, 10, 1, 20.62174380, 72.92456350, '2026-02-28 05:42:14'),
(91, 10, 1, 20.62174380, 72.92456350, '2026-02-28 05:42:18'),
(92, 10, 1, 20.62186290, 72.92470080, '2026-02-28 05:42:22'),
(93, 10, 1, 20.62177520, 72.92475320, '2026-02-28 05:42:28'),
(94, 10, 1, 20.62174570, 72.92476590, '2026-02-28 05:42:33'),
(95, 10, 1, 20.62167030, 72.92472020, '2026-02-28 05:42:37'),
(96, 10, 1, 20.62164330, 72.92479740, '2026-02-28 05:42:42'),
(97, 10, 1, 20.62164170, 72.92480170, '2026-02-28 05:42:48'),
(98, 10, 1, 20.62149280, 72.92485090, '2026-02-28 05:42:52'),
(99, 10, 1, 20.62143000, 72.92495290, '2026-02-28 05:42:58'),
(100, 10, 1, 20.62145490, 72.92492010, '2026-02-28 05:43:03'),
(101, 10, 1, 20.62145670, 72.92486170, '2026-02-28 05:43:07'),
(102, 10, 1, 20.62144270, 72.92480630, '2026-02-28 05:43:12'),
(103, 10, 1, 20.62142190, 72.92473710, '2026-02-28 05:43:18'),
(104, 10, 1, 20.62149900, 72.92485390, '2026-02-28 05:43:22'),
(105, 12, 4, 20.62154930, 72.92462070, '2026-03-01 01:30:10'),
(106, 12, 4, 20.62142490, 72.92465200, '2026-03-01 01:30:16'),
(107, 12, 4, 20.62143590, 72.92472480, '2026-03-01 01:30:21'),
(108, 12, 4, 20.62143590, 72.92472480, '2026-03-01 01:30:25'),
(109, 12, 4, 20.62159120, 72.92488670, '2026-03-01 01:30:31'),
(110, 12, 4, 20.62158230, 72.92473220, '2026-03-01 01:30:37'),
(111, 12, 4, 20.62158230, 72.92473220, '2026-03-01 01:30:41'),
(112, 12, 4, 20.62148270, 72.92468190, '2026-03-01 01:30:46'),
(113, 12, 4, 20.62148270, 72.92468190, '2026-03-01 01:30:50'),
(114, 12, 4, 20.62148270, 72.92468190, '2026-03-01 01:31:02'),
(115, 14, 4, 20.62142480, 72.92465140, '2026-03-01 02:14:05'),
(116, 14, 4, 20.62145070, 72.92464610, '2026-03-01 02:14:11'),
(117, 14, 4, 20.62144510, 72.92464710, '2026-03-01 02:14:18'),
(118, 14, 4, 20.62144510, 72.92464710, '2026-03-01 02:14:21'),
(119, 14, 4, 20.62144510, 72.92464710, '2026-03-01 02:14:26'),
(120, 14, 4, 20.62142980, 72.92465520, '2026-03-01 02:14:31'),
(121, 16, 4, 20.60763780, 72.90834940, '2026-03-10 01:48:07'),
(122, 16, 4, 20.60747100, 72.90867030, '2026-03-10 01:48:13'),
(123, 16, 4, 20.60764290, 72.90835680, '2026-03-10 01:48:22'),
(124, 16, 4, 20.60764590, 72.90833710, '2026-03-10 01:48:29'),
(125, 16, 4, 20.60763460, 72.90839150, '2026-03-10 01:48:37'),
(126, 16, 4, 20.60760670, 72.90835650, '2026-03-10 01:48:45'),
(127, 16, 4, 20.60760670, 72.90835650, '2026-03-10 01:48:47'),
(128, 16, 4, 20.60757720, 72.90844070, '2026-03-10 01:49:09'),
(129, 16, 4, 20.60757720, 72.90844070, '2026-03-10 01:49:13'),
(130, 16, 4, 20.60764450, 72.90833250, '2026-03-10 01:49:39'),
(131, 17, 4, 20.62122170, 72.92450170, '2026-03-10 03:29:38'),
(132, 17, 4, 20.62122170, 72.92450170, '2026-03-10 03:29:38'),
(133, 17, 4, 20.62162770, 72.92472470, '2026-03-10 03:29:50'),
(134, 17, 4, 20.62160440, 72.92474240, '2026-03-10 03:29:55'),
(135, 17, 4, 20.62159840, 72.92474800, '2026-03-10 03:30:00'),
(136, 17, 4, 20.62159840, 72.92474800, '2026-03-10 03:30:05'),
(137, 17, 4, 20.62159830, 72.92474830, '2026-03-10 03:30:27'),
(138, 17, 4, 20.62182940, 72.92475500, '2026-03-10 03:30:30'),
(139, 17, 4, 20.62182940, 72.92475500, '2026-03-10 03:30:34'),
(140, 17, 4, 20.62183000, 72.92475500, '2026-03-10 03:31:03'),
(141, 17, 4, 20.62183000, 72.92475500, '2026-03-10 03:31:05'),
(142, 17, 4, 20.62183000, 72.92475500, '2026-03-10 03:31:09'),
(143, 22, 4, 20.62155680, 72.92486630, '2026-03-12 05:12:38'),
(144, 22, 4, 20.62153040, 72.92484940, '2026-03-12 05:12:43'),
(145, 22, 4, 20.62158000, 72.92486030, '2026-03-12 05:12:48'),
(146, 22, 4, 20.62158270, 72.92485930, '2026-03-12 05:13:03'),
(147, 22, 4, 20.62158030, 72.92484680, '2026-03-12 05:13:08'),
(148, 18, 4, 20.62122530, 72.92654280, '2026-03-13 00:37:27'),
(149, 18, 4, 20.62104850, 72.92699980, '2026-03-13 00:37:37'),
(150, 18, 4, 20.62166500, 72.92469000, '2026-03-13 00:37:52'),
(151, 18, 4, 20.62148640, 72.92470490, '2026-03-13 00:37:57'),
(152, 18, 4, 20.62149950, 72.92467460, '2026-03-13 00:38:02'),
(153, 18, 4, 20.62150480, 72.92468770, '2026-03-13 00:38:07'),
(154, 18, 4, 20.62147770, 72.92467720, '2026-03-13 00:38:12'),
(155, 18, 4, 20.62146710, 72.92468780, '2026-03-13 00:38:17'),
(156, 23, 4, 20.62144470, 72.92523410, '2026-03-13 00:52:03'),
(157, 23, 4, 20.62157190, 72.92471010, '2026-03-13 00:52:08'),
(158, 23, 4, 20.62157660, 72.92470520, '2026-03-13 00:52:13'),
(159, 23, 4, 20.62157660, 72.92470520, '2026-03-13 00:52:18'),
(160, 24, 4, 20.60763470, 72.90840350, '2026-03-28 01:51:16'),
(161, 24, 4, 20.60759320, 72.90844480, '2026-03-28 01:51:24'),
(162, 24, 4, 20.60765360, 72.90834810, '2026-03-28 01:51:32'),
(163, 24, 4, 20.60765360, 72.90834810, '2026-03-28 01:51:36'),
(164, 24, 4, 20.60765360, 72.90834810, '2026-03-28 01:51:41'),
(165, 24, 4, 20.60758800, 72.90848540, '2026-03-28 01:52:01'),
(166, 24, 4, 20.60769670, 72.90817170, '2026-03-28 01:52:06'),
(167, 24, 4, 20.60769670, 72.90817170, '2026-03-28 01:52:11'),
(168, 24, 4, 20.60769670, 72.90817170, '2026-03-28 01:52:16'),
(169, 25, 4, 20.60739800, 72.90867210, '2026-03-30 05:56:40'),
(170, 25, 4, 20.60742400, 72.90859520, '2026-03-30 05:56:45'),
(171, 25, 4, 20.60743960, 72.90855660, '2026-03-30 05:56:50'),
(172, 25, 4, 20.60742970, 72.90856440, '2026-03-30 05:56:55'),
(173, 25, 4, 20.60742320, 72.90857320, '2026-03-30 05:57:00'),
(174, 25, 4, 20.60742240, 72.90857490, '2026-03-30 05:57:05'),
(175, 25, 4, 20.60741730, 72.90858010, '2026-03-30 05:57:10'),
(176, 25, 4, 20.60741480, 72.90857840, '2026-03-30 05:57:15'),
(177, 25, 4, 20.60740920, 72.90857300, '2026-03-30 05:57:20'),
(178, 25, 4, 20.60738830, 72.90855500, '2026-03-30 05:57:36'),
(179, 26, 4, 20.60773810, 72.90906020, '2026-04-20 02:54:21'),
(180, 26, 4, 20.60773780, 72.90905710, '2026-04-20 02:54:33'),
(181, 26, 4, 20.60773780, 72.90905710, '2026-04-20 02:54:37'),
(182, 26, 4, 20.60773720, 72.90905820, '2026-04-20 02:54:47'),
(183, 26, 4, 20.60773690, 72.90905880, '2026-04-20 02:55:01'),
(184, 26, 4, 20.60773690, 72.90905880, '2026-04-20 02:55:12');

-- --------------------------------------------------------

--
-- Table structure for table `location_tracking`
--

CREATE TABLE `location_tracking` (
  `id` bigint(20) UNSIGNED NOT NULL,
  `user_id` int(10) UNSIGNED NOT NULL,
  `role` enum('customer','restaurant','delivery') NOT NULL,
  `lat` decimal(10,8) NOT NULL,
  `lng` decimal(11,8) NOT NULL,
  `recorded_at` timestamp NOT NULL DEFAULT current_timestamp()
) ENGINE=InnoDB DEFAULT CHARSET=utf8mb4 COLLATE=utf8mb4_general_ci;

--
-- Dumping data for table `location_tracking`
--

INSERT INTO `location_tracking` (`id`, `user_id`, `role`, `lat`, `lng`, `recorded_at`) VALUES
(1, 11, 'customer', 20.62135320, 72.92667790, '2026-02-28 01:40:09'),
(2, 11, 'customer', 20.62127590, 72.92670530, '2026-02-28 01:40:24'),
(3, 11, 'customer', 20.62155500, 72.92470670, '2026-02-28 01:40:36'),
(4, 11, 'customer', 20.62155500, 72.92470670, '2026-02-28 01:40:39'),
(5, 11, 'customer', 20.62155500, 72.92470670, '2026-02-28 01:40:45'),
(6, 11, 'customer', 20.62155500, 72.92470670, '2026-02-28 01:40:49'),
(7, 11, 'customer', 20.62137140, 72.92650010, '2026-02-28 01:41:04'),
(8, 11, 'customer', 20.62146360, 72.92468060, '2026-02-28 01:41:11'),
(9, 11, 'customer', 20.62146360, 72.92468060, '2026-02-28 01:41:14'),
(10, 11, 'customer', 20.62103020, 72.92704710, '2026-02-28 01:41:29'),
(11, 11, 'customer', 20.62146900, 72.92461310, '2026-02-28 01:41:39'),
(12, 11, 'customer', 20.62146900, 72.92461310, '2026-02-28 01:41:44'),
(13, 11, 'customer', 20.62150580, 72.92468580, '2026-02-28 01:41:59'),
(14, 11, 'customer', 20.62150780, 72.92468980, '2026-02-28 01:42:09'),
(15, 11, 'customer', 20.62150700, 72.92468820, '2026-02-28 01:42:14'),
(16, 11, 'customer', 20.62150650, 72.92468720, '2026-02-28 01:42:24'),
(17, 11, 'customer', 20.62150650, 72.92468710, '2026-02-28 01:42:29'),
(18, 11, 'customer', 20.62174670, 72.92709330, '2026-02-28 01:42:40'),
(19, 11, 'customer', 20.62174670, 72.92709330, '2026-02-28 01:42:44'),
(20, 11, 'customer', 20.62174670, 72.92709330, '2026-02-28 01:42:54'),
(21, 11, 'customer', 20.62174670, 72.92709330, '2026-02-28 01:42:59'),
(22, 11, 'customer', 20.62174670, 72.92709330, '2026-02-28 01:43:09'),
(23, 11, 'customer', 20.62174670, 72.92709330, '2026-02-28 01:43:14'),
(24, 11, 'customer', 20.62174670, 72.92709330, '2026-02-28 01:43:24'),
(25, 11, 'customer', 20.62174670, 72.92709330, '2026-02-28 01:43:29'),
(26, 7, 'restaurant', 20.62103020, 72.92704710, '2026-02-28 01:45:34'),
(27, 7, 'restaurant', 20.62103020, 72.92704710, '2026-02-28 01:45:44'),
(28, 7, 'restaurant', 20.62103020, 72.92704710, '2026-02-28 01:45:50'),
(29, 7, 'restaurant', 20.62103020, 72.92704710, '2026-02-28 01:45:59'),
(30, 11, 'customer', 20.62137030, 72.92665840, '2026-02-28 01:46:29'),
(31, 7, 'restaurant', 20.62137030, 72.92665840, '2026-02-28 01:46:29'),
(32, 11, 'customer', 20.62137260, 72.92667150, '2026-02-28 01:46:45'),
(33, 11, 'customer', 20.62137070, 72.92667220, '2026-02-28 01:46:49'),
(34, 11, 'customer', 20.62141090, 72.92449580, '2026-02-28 01:47:07'),
(35, 11, 'customer', 20.62141090, 72.92449580, '2026-02-28 01:47:09'),
(36, 9, 'delivery', 20.62135320, 72.92667790, '2026-02-28 01:56:31'),
(37, 9, 'delivery', 20.62135320, 72.92667790, '2026-02-28 01:56:31'),
(38, 9, 'delivery', 20.62152560, 72.92466540, '2026-02-28 01:56:48'),
(39, 9, 'delivery', 20.62152830, 72.92462700, '2026-02-28 01:57:05'),
(40, 9, 'delivery', 20.62152830, 72.92462700, '2026-02-28 01:57:08'),
(41, 9, 'delivery', 20.62152840, 72.92462710, '2026-02-28 01:57:13'),
(42, 9, 'delivery', 20.62153170, 72.92459090, '2026-02-28 01:57:24'),
(43, 9, 'delivery', 20.62153170, 72.92459090, '2026-02-28 01:57:28'),
(44, 9, 'delivery', 20.62153180, 72.92459030, '2026-02-28 01:57:38'),
(45, 9, 'delivery', 20.62153170, 72.92459000, '2026-02-28 01:57:50'),
(46, 9, 'delivery', 20.62153170, 72.92459000, '2026-02-28 01:57:53'),
(47, 9, 'delivery', 20.62153170, 72.92459000, '2026-02-28 01:58:23'),
(48, 9, 'delivery', 20.62183060, 72.92479380, '2026-02-28 01:58:38'),
(49, 9, 'delivery', 20.62103020, 72.92704710, '2026-02-28 01:58:48'),
(50, 9, 'delivery', 20.62103020, 72.92704710, '2026-02-28 01:58:53'),
(51, 9, 'delivery', 20.62103020, 72.92704710, '2026-02-28 01:59:00'),
(52, 9, 'delivery', 20.62103020, 72.92704710, '2026-02-28 01:59:03'),
(53, 9, 'delivery', 20.62103020, 72.92704710, '2026-02-28 01:59:13'),
(54, 9, 'delivery', 20.62103020, 72.92704710, '2026-02-28 02:02:08'),
(55, 9, 'delivery', 20.62127140, 72.92642360, '2026-02-28 02:02:13'),
(56, 9, 'delivery', 20.62154590, 72.92467170, '2026-02-28 02:02:23'),
(57, 9, 'delivery', 20.62154990, 72.92481570, '2026-02-28 02:02:29'),
(58, 9, 'delivery', 20.62154000, 72.92483820, '2026-02-28 02:02:39'),
(59, 9, 'delivery', 20.62158830, 72.92484470, '2026-02-28 02:02:45'),
(60, 9, 'delivery', 20.62159150, 72.92483360, '2026-02-28 02:02:50'),
(61, 9, 'delivery', 20.62159200, 72.92483330, '2026-02-28 02:02:55'),
(62, 9, 'delivery', 20.62157190, 72.92481850, '2026-02-28 02:03:00'),
(63, 9, 'delivery', 20.62154830, 72.92481170, '2026-02-28 02:03:14'),
(64, 4, 'delivery', 20.62155000, 72.92466520, '2026-02-28 02:04:19'),
(65, 4, 'delivery', 20.62155000, 72.92466510, '2026-02-28 02:04:24'),
(66, 4, 'delivery', 20.62149230, 72.92471110, '2026-02-28 02:04:29'),
(67, 4, 'delivery', 20.62149170, 72.92471170, '2026-02-28 02:04:34'),
(68, 4, 'delivery', 20.62148840, 72.92473260, '2026-02-28 02:04:39'),
(69, 4, 'delivery', 20.62157790, 72.92472530, '2026-02-28 02:04:44'),
(70, 4, 'delivery', 20.62157790, 72.92472530, '2026-02-28 02:04:49'),
(71, 11, 'customer', 20.62160460, 72.92472330, '2026-02-28 02:04:51'),
(72, 11, 'customer', 20.62160460, 72.92472330, '2026-02-28 02:04:54'),
(73, 11, 'customer', 20.62160490, 72.92472330, '2026-02-28 02:04:59'),
(74, 11, 'customer', 20.62160490, 72.92472330, '2026-02-28 02:05:04'),
(75, 11, 'customer', 20.62160500, 72.92472330, '2026-02-28 02:05:09'),
(76, 11, 'customer', 20.62160500, 72.92472330, '2026-02-28 02:05:14'),
(77, 11, 'customer', 20.62160500, 72.92472330, '2026-02-28 02:05:24'),
(78, 11, 'customer', 20.62160500, 72.92472330, '2026-02-28 02:05:29'),
(79, 11, 'customer', 20.62160500, 72.92472330, '2026-02-28 02:05:40'),
(80, 11, 'customer', 20.62160500, 72.92472330, '2026-02-28 02:05:44'),
(81, 11, 'customer', 20.62160500, 72.92472330, '2026-02-28 02:06:49'),
(82, 4, 'delivery', 20.62139710, 72.92622030, '2026-02-28 02:06:59'),
(83, 4, 'delivery', 20.62145260, 72.92492660, '2026-02-28 02:07:04'),
(84, 4, 'delivery', 20.62145260, 72.92492660, '2026-02-28 02:07:09'),
(85, 4, 'delivery', 20.62145500, 72.92482870, '2026-02-28 02:07:14'),
(86, 4, 'delivery', 20.62145500, 72.92482670, '2026-02-28 02:07:19'),
(87, 4, 'delivery', 20.62145500, 72.92482670, '2026-02-28 02:07:26'),
(88, 4, 'delivery', 20.62135230, 72.92467910, '2026-02-28 02:07:29'),
(89, 4, 'delivery', 20.62135650, 72.92469110, '2026-02-28 02:07:34'),
(90, 4, 'delivery', 20.62131960, 72.92475050, '2026-02-28 02:07:39'),
(91, 4, 'delivery', 20.62131830, 72.92475320, '2026-02-28 02:07:44'),
(92, 4, 'delivery', 20.62131830, 72.92475330, '2026-02-28 02:07:49'),
(93, 4, 'delivery', 20.62131830, 72.92475330, '2026-02-28 02:07:54'),
(94, 4, 'delivery', 20.62131830, 72.92475330, '2026-02-28 02:07:59'),
(95, 4, 'delivery', 20.62139660, 72.92479640, '2026-02-28 02:08:05'),
(96, 4, 'delivery', 20.62139830, 72.92479820, '2026-02-28 02:08:09'),
(97, 4, 'delivery', 20.62139830, 72.92479830, '2026-02-28 02:08:14'),
(98, 4, 'delivery', 20.62139830, 72.92479830, '2026-02-28 02:08:19'),
(99, 4, 'delivery', 20.62139830, 72.92479830, '2026-02-28 02:08:24'),
(100, 4, 'delivery', 20.62139830, 72.92479830, '2026-02-28 02:08:29'),
(101, 4, 'delivery', 20.62139010, 72.92477360, '2026-02-28 02:08:34'),
(102, 4, 'delivery', 20.62139000, 72.92477330, '2026-02-28 02:08:39'),
(103, 4, 'delivery', 20.62139000, 72.92477330, '2026-02-28 02:08:44'),
(104, 4, 'delivery', 20.62138830, 72.92479170, '2026-02-28 02:08:59'),
(105, 4, 'delivery', 20.62138830, 72.92479170, '2026-02-28 02:09:04'),
(106, 4, 'delivery', 20.62141510, 72.92479230, '2026-02-28 02:09:09'),
(107, 4, 'delivery', 20.62142510, 72.92478840, '2026-02-28 02:09:14'),
(108, 4, 'delivery', 20.62142610, 72.92478660, '2026-02-28 02:09:19'),
(109, 4, 'delivery', 20.62142640, 72.92478370, '2026-02-28 02:09:25'),
(110, 4, 'delivery', 20.62144260, 72.92476260, '2026-02-28 02:09:31'),
(111, 11, 'customer', 20.62127800, 72.92670450, '2026-02-28 02:31:13'),
(112, 11, 'customer', 20.62127800, 72.92670450, '2026-02-28 02:31:19'),
(113, 11, 'customer', 20.62137150, 72.92667140, '2026-02-28 02:31:24'),
(114, 4, 'delivery', 20.62137150, 72.92667140, '2026-02-28 02:31:26'),
(115, 11, 'customer', 20.62137150, 72.92667140, '2026-02-28 02:31:29'),
(116, 4, 'delivery', 20.62136000, 72.92667550, '2026-02-28 02:31:35'),
(117, 4, 'delivery', 20.62148310, 72.92519030, '2026-02-28 02:31:49'),
(118, 4, 'delivery', 20.62157870, 72.92476780, '2026-02-28 02:31:58'),
(119, 4, 'delivery', 20.62151730, 72.92473700, '2026-02-28 02:32:03'),
(120, 4, 'delivery', 20.62151000, 72.92472330, '2026-02-28 02:32:21'),
(121, 4, 'delivery', 20.62155240, 72.92469860, '2026-02-28 02:32:26'),
(122, 4, 'delivery', 20.62155790, 72.92468880, '2026-02-28 02:32:31'),
(123, 4, 'delivery', 20.62155300, 72.92469250, '2026-02-28 02:32:36'),
(124, 4, 'delivery', 20.62155380, 72.92469080, '2026-02-28 02:32:41'),
(125, 4, 'delivery', 20.62154350, 72.92469520, '2026-02-28 02:32:46'),
(126, 4, 'delivery', 20.62153250, 72.92466570, '2026-02-28 02:32:51'),
(127, 4, 'delivery', 20.62146770, 72.92466490, '2026-02-28 02:32:56'),
(128, 4, 'delivery', 20.62144570, 72.92465220, '2026-02-28 02:33:01'),
(129, 4, 'delivery', 20.62141580, 72.92466450, '2026-02-28 02:33:06'),
(130, 4, 'delivery', 20.62141580, 72.92466450, '2026-02-28 02:33:11'),
(131, 11, 'customer', 20.62141500, 72.92466500, '2026-02-28 02:33:16'),
(132, 11, 'customer', 20.62141500, 72.92466500, '2026-02-28 02:33:26'),
(133, 11, 'customer', 20.62141500, 72.92466500, '2026-02-28 02:33:31'),
(134, 11, 'customer', 20.62141500, 72.92466500, '2026-02-28 02:33:36'),
(135, 11, 'customer', 20.62141500, 72.92466500, '2026-02-28 02:33:41'),
(136, 11, 'customer', 20.62141500, 72.92466500, '2026-02-28 02:33:46'),
(137, 11, 'customer', 20.62141500, 72.92466500, '2026-02-28 02:33:56'),
(138, 11, 'customer', 20.62141500, 72.92466500, '2026-02-28 02:34:06'),
(139, 11, 'customer', 20.62141500, 72.92466500, '2026-02-28 02:34:11'),
(140, 11, 'customer', 20.62141500, 72.92466500, '2026-02-28 02:34:31'),
(141, 11, 'customer', 20.62141500, 72.92466500, '2026-02-28 02:34:41'),
(142, 4, 'delivery', 20.62127240, 72.92624660, '2026-02-28 02:34:48'),
(143, 4, 'delivery', 20.62127240, 72.92624660, '2026-02-28 02:34:52'),
(144, 4, 'delivery', 20.62128150, 72.92489110, '2026-02-28 02:34:56'),
(145, 4, 'delivery', 20.62140940, 72.92477970, '2026-02-28 02:35:01'),
(146, 4, 'delivery', 20.62142930, 72.92473040, '2026-02-28 02:35:06'),
(147, 4, 'delivery', 20.62143640, 72.92468370, '2026-02-28 02:35:11'),
(148, 4, 'delivery', 20.62143670, 72.92468180, '2026-02-28 02:35:16'),
(149, 4, 'delivery', 20.62146230, 72.92466570, '2026-02-28 02:35:21'),
(150, 4, 'delivery', 20.62146670, 72.92467660, '2026-02-28 02:35:26'),
(151, 11, 'customer', 20.62145180, 72.92472840, '2026-02-28 03:19:29'),
(152, 11, 'customer', 20.62140520, 72.92468020, '2026-02-28 03:19:35'),
(153, 11, 'customer', 20.62140520, 72.92468020, '2026-02-28 03:19:39'),
(154, 11, 'customer', 20.62140500, 72.92468000, '2026-02-28 03:19:44'),
(155, 11, 'customer', 20.62140500, 72.92468000, '2026-02-28 03:19:49'),
(156, 11, 'customer', 20.62140500, 72.92468000, '2026-02-28 03:19:54'),
(157, 11, 'customer', 20.62140500, 72.92468000, '2026-02-28 03:19:59'),
(158, 11, 'customer', 20.62140500, 72.92468000, '2026-02-28 03:20:07'),
(159, 11, 'customer', 20.62140500, 72.92468000, '2026-02-28 03:20:09'),
(160, 11, 'customer', 20.62140500, 72.92468000, '2026-02-28 03:20:19'),
(161, 4, 'delivery', 20.62130890, 72.92465460, '2026-02-28 03:21:19'),
(162, 4, 'delivery', 20.62145130, 72.92466670, '2026-02-28 03:21:24'),
(163, 4, 'delivery', 20.62145330, 72.92470660, '2026-02-28 03:21:30'),
(164, 4, 'delivery', 20.62145980, 72.92473220, '2026-02-28 03:21:34'),
(165, 4, 'delivery', 20.62146000, 72.92472370, '2026-02-28 03:21:39'),
(166, 4, 'delivery', 20.62146000, 72.92472330, '2026-02-28 03:21:44'),
(167, 4, 'delivery', 20.62145190, 72.92472330, '2026-02-28 03:21:49'),
(168, 11, 'customer', 20.62145190, 72.92472330, '2026-02-28 03:21:54'),
(169, 11, 'customer', 20.62145190, 72.92472330, '2026-02-28 03:21:54'),
(170, 4, 'delivery', 20.62145190, 72.92472330, '2026-02-28 03:21:54'),
(171, 4, 'delivery', 20.62145170, 72.92472330, '2026-02-28 03:22:01'),
(172, 4, 'delivery', 20.62145670, 72.92472330, '2026-02-28 03:22:04'),
(173, 11, 'customer', 20.62145670, 72.92472330, '2026-02-28 03:22:05'),
(174, 11, 'customer', 20.62145670, 72.92472330, '2026-02-28 03:22:09'),
(175, 4, 'delivery', 20.62145670, 72.92472330, '2026-02-28 03:22:09'),
(176, 4, 'delivery', 20.62145670, 72.92472330, '2026-02-28 03:22:15'),
(177, 11, 'customer', 20.62145670, 72.92472330, '2026-02-28 03:22:16'),
(178, 11, 'customer', 20.62144000, 72.92472670, '2026-02-28 03:22:19'),
(179, 4, 'delivery', 20.62144000, 72.92472670, '2026-02-28 03:22:19'),
(180, 4, 'delivery', 20.62145140, 72.92472020, '2026-02-28 03:22:25'),
(181, 4, 'delivery', 20.62145670, 72.92468830, '2026-02-28 03:22:40'),
(182, 11, 'customer', 20.62145670, 72.92468510, '2026-02-28 03:22:49'),
(183, 11, 'customer', 20.62145670, 72.92468510, '2026-02-28 03:22:49'),
(184, 4, 'delivery', 20.62145670, 72.92468510, '2026-02-28 03:22:50'),
(185, 11, 'customer', 20.62145670, 72.92468510, '2026-02-28 03:22:54'),
(186, 4, 'delivery', 20.62145670, 72.92468500, '2026-02-28 03:22:55'),
(187, 4, 'delivery', 20.62145670, 72.92468500, '2026-02-28 03:23:00'),
(188, 7, 'restaurant', 20.62145670, 72.92468500, '2026-02-28 03:23:09'),
(189, 7, 'restaurant', 20.62145670, 72.92468500, '2026-02-28 03:23:14'),
(190, 7, 'restaurant', 20.62145670, 72.92468500, '2026-02-28 03:23:24'),
(191, 7, 'restaurant', 20.62145670, 72.92468500, '2026-02-28 03:23:29'),
(192, 7, 'restaurant', 20.62145670, 72.92468500, '2026-02-28 03:23:34'),
(193, 11, 'customer', 20.62145670, 72.92468500, '2026-02-28 03:25:31'),
(194, 11, 'customer', 20.62103020, 72.92704710, '2026-02-28 03:26:32'),
(195, 11, 'customer', 20.62100350, 72.92678360, '2026-02-28 03:26:36'),
(196, 11, 'customer', 20.62130360, 72.92668910, '2026-02-28 03:26:46'),
(197, 11, 'customer', 20.62119860, 72.92458760, '2026-02-28 03:27:01'),
(198, 11, 'customer', 20.62119860, 72.92458760, '2026-02-28 03:27:05'),
(199, 11, 'customer', 20.62119700, 72.92458570, '2026-02-28 03:27:11'),
(200, 11, 'customer', 20.62119670, 72.92458500, '2026-02-28 03:27:15'),
(201, 11, 'customer', 20.62119670, 72.92458500, '2026-02-28 03:27:26'),
(202, 11, 'customer', 20.62119670, 72.92458500, '2026-02-28 03:27:31'),
(203, 11, 'customer', 20.62119670, 72.92458500, '2026-02-28 03:27:36'),
(204, 11, 'customer', 20.62119670, 72.92458500, '2026-02-28 03:27:41'),
(205, 11, 'customer', 20.62119670, 72.92458500, '2026-02-28 03:27:47'),
(206, 11, 'customer', 20.62119670, 72.92458500, '2026-02-28 03:27:51'),
(207, 11, 'customer', 20.62119670, 72.92458500, '2026-02-28 03:27:56'),
(208, 11, 'customer', 20.62119670, 72.92458500, '2026-02-28 03:28:14'),
(209, 11, 'customer', 20.62126050, 72.92678390, '2026-02-28 03:34:24'),
(210, 11, 'customer', 20.62109550, 72.92673630, '2026-02-28 03:34:34'),
(211, 11, 'customer', 20.62108920, 72.92673570, '2026-02-28 03:34:39'),
(212, 11, 'customer', 20.62108920, 72.92673570, '2026-02-28 03:34:44'),
(213, 11, 'customer', 20.62108460, 72.92673520, '2026-02-28 03:34:49'),
(214, 11, 'customer', 20.62103370, 72.92702340, '2026-02-28 03:34:59'),
(215, 11, 'customer', 20.62174880, 72.92519800, '2026-02-28 03:35:04'),
(216, 11, 'customer', 20.62174880, 72.92519800, '2026-02-28 03:35:14'),
(217, 11, 'customer', 20.62188710, 72.92483230, '2026-02-28 03:42:57'),
(218, 11, 'customer', 20.62125500, 72.92646620, '2026-02-28 03:43:07'),
(219, 11, 'customer', 20.62183320, 72.92497170, '2026-02-28 03:43:17'),
(220, 11, 'customer', 20.62191960, 72.92474830, '2026-02-28 03:43:22'),
(221, 7, 'restaurant', 20.62140830, 72.92650450, '2026-02-28 03:43:31'),
(222, 7, 'restaurant', 20.62140830, 72.92650450, '2026-02-28 03:43:31'),
(223, 11, 'customer', 20.62140830, 72.92650450, '2026-02-28 03:43:32'),
(224, 7, 'restaurant', 20.62133260, 72.92675180, '2026-02-28 03:43:41'),
(225, 7, 'restaurant', 20.62133970, 72.92672410, '2026-02-28 03:43:44'),
(226, 7, 'restaurant', 20.62135020, 72.92668780, '2026-02-28 03:43:54'),
(227, 7, 'restaurant', 20.62135320, 72.92667770, '2026-02-28 03:43:59'),
(228, 7, 'restaurant', 20.62135320, 72.92667770, '2026-02-28 03:44:09'),
(229, 4, 'delivery', 20.62135340, 72.92667740, '2026-02-28 03:44:13'),
(230, 4, 'delivery', 20.62135320, 72.92667790, '2026-02-28 03:44:23'),
(231, 4, 'delivery', 20.62135740, 72.92667640, '2026-02-28 03:44:40'),
(232, 4, 'delivery', 20.62136540, 72.92667360, '2026-02-28 03:44:50'),
(233, 7, 'restaurant', 20.62135840, 72.92667610, '2026-02-28 03:44:52'),
(234, 4, 'delivery', 20.62135840, 72.92667610, '2026-02-28 03:44:53'),
(235, 7, 'restaurant', 20.62135840, 72.92667610, '2026-02-28 03:44:54'),
(236, 4, 'delivery', 20.62135840, 72.92667610, '2026-02-28 03:44:58'),
(237, 7, 'restaurant', 20.62135840, 72.92667610, '2026-02-28 03:44:59'),
(238, 7, 'restaurant', 20.62135380, 72.92667770, '2026-02-28 03:45:04'),
(239, 11, 'customer', 20.62135290, 72.92667800, '2026-02-28 03:45:07'),
(240, 11, 'customer', 20.62135290, 72.92667800, '2026-02-28 03:45:13'),
(241, 11, 'customer', 20.62028160, 72.92705690, '2026-02-28 03:45:28'),
(242, 11, 'customer', 20.62128940, 72.92670050, '2026-02-28 03:45:33'),
(243, 11, 'customer', 20.62146000, 72.92466990, '2026-02-28 03:45:37'),
(244, 11, 'customer', 20.62146000, 72.92466990, '2026-02-28 03:45:42'),
(245, 11, 'customer', 20.62146000, 72.92466990, '2026-02-28 03:45:47'),
(246, 4, 'delivery', 20.62134920, 72.92682160, '2026-02-28 03:46:01'),
(247, 4, 'delivery', 20.62134920, 72.92682160, '2026-02-28 03:46:11'),
(248, 11, 'customer', 20.62151180, 72.92463130, '2026-02-28 05:19:10'),
(249, 11, 'customer', 20.62114030, 72.92538690, '2026-02-28 05:19:36'),
(250, 11, 'customer', 20.62114030, 72.92538690, '2026-02-28 05:19:41'),
(251, 11, 'customer', 20.62141020, 72.92458520, '2026-02-28 05:20:01'),
(252, 11, 'customer', 20.62177150, 72.92492760, '2026-02-28 05:20:06'),
(253, 11, 'customer', 20.62172810, 72.92483760, '2026-02-28 05:20:10'),
(254, 11, 'customer', 20.62169910, 72.92479250, '2026-02-28 05:20:16'),
(255, 11, 'customer', 20.62169830, 72.92479330, '2026-02-28 05:20:31'),
(256, 11, 'customer', 20.62169830, 72.92479330, '2026-02-28 05:20:38'),
(257, 11, 'customer', 20.62169830, 72.92479330, '2026-02-28 05:20:40'),
(258, 11, 'customer', 20.62169830, 72.92479330, '2026-02-28 05:20:46'),
(259, 11, 'customer', 20.62169830, 72.92479330, '2026-02-28 05:20:56'),
(260, 11, 'customer', 20.62169830, 72.92479330, '2026-02-28 05:21:03'),
(261, 11, 'customer', 20.62169830, 72.92479330, '2026-02-28 05:21:05'),
(262, 11, 'customer', 20.62141630, 72.92461040, '2026-02-28 05:21:14'),
(263, 11, 'customer', 20.62141630, 72.92461040, '2026-02-28 05:21:15'),
(264, 7, 'restaurant', 20.62135320, 72.92667790, '2026-02-28 05:21:56'),
(265, 7, 'restaurant', 20.62135320, 72.92667790, '2026-02-28 05:21:56'),
(266, 7, 'restaurant', 20.62135320, 72.92667790, '2026-02-28 05:22:05'),
(267, 7, 'restaurant', 20.62096920, 72.92704710, '2026-02-28 05:22:16'),
(268, 7, 'restaurant', 20.62100550, 72.92707450, '2026-02-28 05:22:20'),
(269, 7, 'restaurant', 20.62102790, 72.92706000, '2026-02-28 05:22:29'),
(270, 7, 'restaurant', 20.62133720, 72.92495100, '2026-02-28 05:22:32'),
(271, 7, 'restaurant', 20.62103140, 72.92704870, '2026-02-28 05:22:39'),
(272, 7, 'restaurant', 20.62133220, 72.92498010, '2026-02-28 05:22:39'),
(273, 7, 'restaurant', 20.62133220, 72.92498010, '2026-02-28 05:22:42'),
(274, 7, 'restaurant', 20.62103090, 72.92704660, '2026-02-28 05:22:45'),
(275, 7, 'restaurant', 20.62133150, 72.92498460, '2026-02-28 05:22:50'),
(276, 7, 'restaurant', 20.62133150, 72.92498460, '2026-02-28 05:22:52'),
(277, 7, 'restaurant', 20.62103030, 72.92704670, '2026-02-28 05:22:55'),
(278, 7, 'restaurant', 20.62103020, 72.92704700, '2026-02-28 05:22:59'),
(279, 7, 'restaurant', 20.62103020, 72.92704700, '2026-02-28 05:23:06'),
(280, 4, 'delivery', 20.62103020, 72.92704710, '2026-02-28 05:23:13'),
(281, 4, 'delivery', 20.62103020, 72.92704710, '2026-02-28 05:23:16'),
(282, 7, 'restaurant', 20.62149060, 72.92462870, '2026-02-28 05:23:17'),
(283, 4, 'delivery', 20.62103020, 72.92704710, '2026-02-28 05:23:26'),
(284, 4, 'delivery', 20.62103020, 72.92704710, '2026-02-28 05:23:36'),
(285, 4, 'delivery', 20.62103020, 72.92704710, '2026-02-28 05:23:41'),
(286, 4, 'delivery', 20.62103020, 72.92704710, '2026-02-28 05:23:51'),
(287, 7, 'restaurant', 20.62142480, 72.92463750, '2026-02-28 05:23:52'),
(288, 4, 'delivery', 20.62151480, 72.92460360, '2026-02-28 05:23:56'),
(289, 4, 'delivery', 20.62151480, 72.92460360, '2026-02-28 05:24:03'),
(290, 4, 'delivery', 20.62151480, 72.92460360, '2026-02-28 05:24:07'),
(291, 4, 'delivery', 20.62151480, 72.92460360, '2026-02-28 05:24:17'),
(292, 4, 'delivery', 20.62151480, 72.92460360, '2026-02-28 05:24:21'),
(293, 4, 'delivery', 20.62151480, 72.92460360, '2026-02-28 05:24:52'),
(294, 11, 'customer', 20.62150330, 72.92469830, '2026-02-28 05:25:04'),
(295, 11, 'customer', 20.62150330, 72.92469840, '2026-02-28 05:25:09'),
(296, 11, 'customer', 20.62150330, 72.92469830, '2026-02-28 05:25:14'),
(297, 4, 'delivery', 20.62150330, 72.92469830, '2026-02-28 05:25:18'),
(298, 11, 'customer', 20.62150330, 72.92469830, '2026-02-28 05:25:19'),
(299, 4, 'delivery', 20.62150330, 72.92469830, '2026-02-28 05:25:33'),
(300, 11, 'customer', 20.62150330, 72.92469830, '2026-02-28 05:25:43'),
(301, 4, 'delivery', 20.62150330, 72.92469830, '2026-02-28 05:25:43'),
(302, 11, 'customer', 20.62150330, 72.92469830, '2026-02-28 05:25:46'),
(303, 11, 'customer', 20.62142840, 72.92476990, '2026-02-28 05:25:54'),
(304, 11, 'customer', 20.62142830, 72.92477000, '2026-02-28 05:26:00'),
(305, 11, 'customer', 20.62142830, 72.92477000, '2026-02-28 05:26:04'),
(306, 11, 'customer', 20.62142830, 72.92477000, '2026-02-28 05:26:09'),
(307, 7, 'restaurant', 20.62142830, 72.92477000, '2026-02-28 05:26:17'),
(308, 7, 'restaurant', 20.62142830, 72.92477000, '2026-02-28 05:26:19'),
(309, 7, 'restaurant', 20.62142830, 72.92477000, '2026-02-28 05:26:29'),
(310, 4, 'delivery', 20.62142830, 72.92477000, '2026-02-28 05:26:30'),
(311, 4, 'delivery', 20.62142830, 72.92477000, '2026-02-28 05:26:33'),
(312, 4, 'delivery', 20.62142830, 72.92477000, '2026-02-28 05:26:38'),
(313, 4, 'delivery', 20.62143000, 72.92478170, '2026-02-28 05:26:44'),
(314, 4, 'delivery', 20.62143000, 72.92478170, '2026-02-28 05:26:48'),
(315, 4, 'delivery', 20.62143000, 72.92478170, '2026-02-28 05:26:53'),
(316, 4, 'delivery', 20.62143000, 72.92478170, '2026-02-28 05:26:58'),
(317, 4, 'delivery', 20.62143000, 72.92478170, '2026-02-28 05:27:03'),
(318, 4, 'delivery', 20.62173670, 72.92481560, '2026-02-28 05:27:09'),
(319, 4, 'delivery', 20.62112600, 72.92688100, '2026-02-28 05:27:18'),
(320, 4, 'delivery', 20.62101140, 72.92716140, '2026-02-28 05:27:23'),
(321, 4, 'delivery', 20.62101050, 72.92711220, '2026-02-28 05:27:33'),
(322, 7, 'restaurant', 20.62152170, 72.92474170, '2026-02-28 05:27:35'),
(323, 7, 'restaurant', 20.62152170, 72.92474170, '2026-02-28 05:27:35'),
(324, 4, 'delivery', 20.62152170, 72.92474170, '2026-02-28 05:27:39'),
(325, 7, 'restaurant', 20.62152170, 72.92474170, '2026-02-28 05:27:39'),
(326, 4, 'delivery', 20.62152170, 72.92474170, '2026-02-28 05:27:48'),
(327, 7, 'restaurant', 20.62138050, 72.92632970, '2026-02-28 05:27:51'),
(328, 11, 'customer', 20.62148670, 72.92462050, '2026-02-28 05:27:52'),
(329, 4, 'delivery', 20.62138050, 72.92632970, '2026-02-28 05:27:53'),
(330, 7, 'restaurant', 20.62138050, 72.92632970, '2026-02-28 05:27:54'),
(331, 4, 'delivery', 20.62134160, 72.92681520, '2026-02-28 05:28:00'),
(332, 4, 'delivery', 20.62134160, 72.92681520, '2026-02-28 05:28:03'),
(333, 11, 'customer', 20.62134870, 72.92673340, '2026-02-28 05:28:15'),
(334, 11, 'customer', 20.62135240, 72.92668800, '2026-02-28 05:28:19'),
(335, 7, 'restaurant', 20.62135350, 72.92667450, '2026-02-28 05:28:29'),
(336, 7, 'restaurant', 20.62135340, 72.92667560, '2026-02-28 05:28:34'),
(337, 7, 'restaurant', 20.62135320, 72.92667750, '2026-02-28 05:28:45'),
(338, 7, 'restaurant', 20.62135320, 72.92667790, '2026-02-28 05:28:49'),
(339, 7, 'restaurant', 20.62150370, 72.92494860, '2026-02-28 05:29:01'),
(340, 7, 'restaurant', 20.62153220, 72.92462090, '2026-02-28 05:29:05'),
(341, 11, 'customer', 20.62145680, 72.92480660, '2026-02-28 05:29:21'),
(342, 11, 'customer', 20.62145680, 72.92480660, '2026-02-28 05:29:24'),
(343, 7, 'restaurant', 20.62145660, 72.92480670, '2026-02-28 05:29:29'),
(344, 11, 'customer', 20.62145660, 72.92480670, '2026-02-28 05:29:29'),
(345, 7, 'restaurant', 20.62145670, 72.92480670, '2026-02-28 05:29:46'),
(346, 7, 'restaurant', 20.62145670, 72.92480670, '2026-02-28 05:29:49'),
(347, 7, 'restaurant', 20.62145670, 72.92480670, '2026-02-28 05:29:59'),
(348, 7, 'restaurant', 20.62145670, 72.92480670, '2026-02-28 05:30:04'),
(349, 7, 'restaurant', 20.62145670, 72.92480670, '2026-02-28 05:30:10'),
(350, 11, 'customer', 20.62154570, 72.92459360, '2026-02-28 05:35:33'),
(351, 11, 'customer', 20.62163430, 72.92457480, '2026-02-28 05:36:21'),
(352, 11, 'customer', 20.62136450, 72.92659350, '2026-02-28 05:38:11'),
(353, 11, 'customer', 20.62134290, 72.92675510, '2026-02-28 05:38:21'),
(354, 11, 'customer', 20.62134850, 72.92671270, '2026-02-28 05:38:26'),
(355, 11, 'customer', 20.62135280, 72.92668120, '2026-02-28 05:38:41'),
(356, 4, 'delivery', 20.62145010, 72.92465270, '2026-02-28 05:41:57'),
(357, 4, 'delivery', 20.62174380, 72.92456350, '2026-02-28 05:42:14'),
(358, 4, 'delivery', 20.62174380, 72.92456350, '2026-02-28 05:42:18'),
(359, 4, 'delivery', 20.62186290, 72.92470080, '2026-02-28 05:42:22'),
(360, 7, 'restaurant', 20.62135320, 72.92667790, '2026-02-28 05:42:24'),
(361, 4, 'delivery', 20.62177520, 72.92475320, '2026-02-28 05:42:28'),
(362, 4, 'delivery', 20.62174570, 72.92476590, '2026-02-28 05:42:33'),
(363, 7, 'restaurant', 20.62135320, 72.92667790, '2026-02-28 05:42:34'),
(364, 4, 'delivery', 20.62167030, 72.92472020, '2026-02-28 05:42:37'),
(365, 7, 'restaurant', 20.62135320, 72.92667790, '2026-02-28 05:42:39'),
(366, 4, 'delivery', 20.62164330, 72.92479740, '2026-02-28 05:42:42'),
(367, 4, 'delivery', 20.62164170, 72.92480170, '2026-02-28 05:42:48'),
(368, 4, 'delivery', 20.62149280, 72.92485090, '2026-02-28 05:42:52'),
(369, 11, 'customer', 20.62152170, 72.92496170, '2026-02-28 05:42:55'),
(370, 4, 'delivery', 20.62143000, 72.92495290, '2026-02-28 05:42:58'),
(371, 11, 'customer', 20.62152170, 72.92496170, '2026-02-28 05:42:59'),
(372, 4, 'delivery', 20.62145490, 72.92492010, '2026-02-28 05:43:03'),
(373, 11, 'customer', 20.62152170, 72.92496170, '2026-02-28 05:43:05'),
(374, 4, 'delivery', 20.62145670, 72.92486170, '2026-02-28 05:43:07'),
(375, 11, 'customer', 20.62152170, 72.92496170, '2026-02-28 05:43:09'),
(376, 4, 'delivery', 20.62144270, 72.92480630, '2026-02-28 05:43:12'),
(377, 4, 'delivery', 20.62142190, 72.92473710, '2026-02-28 05:43:18'),
(378, 4, 'delivery', 20.62149900, 72.92485390, '2026-02-28 05:43:22'),
(379, 4, 'delivery', 20.62150000, 72.92485500, '2026-02-28 05:43:51'),
(380, 4, 'delivery', 20.62150000, 72.92485500, '2026-02-28 05:43:58'),
(381, 4, 'delivery', 20.62150000, 72.92485500, '2026-02-28 05:44:01'),
(382, 11, 'customer', 20.62152170, 72.92496170, '2026-02-28 05:44:05'),
(383, 4, 'delivery', 20.62150000, 72.92485500, '2026-02-28 05:44:08'),
(384, 4, 'delivery', 20.62150000, 72.92485500, '2026-02-28 05:44:11'),
(385, 4, 'delivery', 20.62150000, 72.92485500, '2026-02-28 05:44:18'),
(386, 4, 'delivery', 20.62150000, 72.92485500, '2026-02-28 05:44:21'),
(387, 4, 'delivery', 20.62144170, 72.92461090, '2026-02-28 05:45:56'),
(388, 11, 'customer', 20.62135320, 72.92667790, '2026-02-28 05:46:10'),
(389, 11, 'customer', 20.62135320, 72.92667790, '2026-02-28 05:46:13'),
(390, 11, 'customer', 20.62135320, 72.92667790, '2026-02-28 05:46:23'),
(391, 11, 'customer', 20.62135320, 72.92667790, '2026-02-28 05:46:28'),
(392, 11, 'customer', 20.62135320, 72.92667790, '2026-02-28 05:46:35'),
(393, 11, 'customer', 20.62135320, 72.92667790, '2026-02-28 05:46:38'),
(394, 11, 'customer', 20.62146710, 72.92461880, '2026-02-28 05:47:48'),
(395, 11, 'customer', 20.62146710, 72.92461880, '2026-02-28 05:48:42'),
(396, 11, 'customer', 20.62140530, 72.92464160, '2026-02-28 05:49:02'),
(397, 11, 'customer', 20.62140530, 72.92464160, '2026-02-28 05:49:04'),
(398, 11, 'customer', 20.62140530, 72.92464160, '2026-02-28 05:49:15'),
(399, 11, 'customer', 20.62135870, 72.92667600, '2026-02-28 05:54:00'),
(400, 4, 'delivery', 20.62148810, 72.92462800, '2026-02-28 05:54:06'),
(401, 11, 'customer', 20.62135630, 72.92667680, '2026-02-28 05:54:07'),
(402, 11, 'customer', 20.62135630, 72.92667680, '2026-02-28 05:54:09'),
(403, 4, 'delivery', 20.62148810, 72.92462800, '2026-02-28 05:54:11'),
(404, 4, 'delivery', 20.62148810, 72.92462800, '2026-02-28 05:54:16'),
(405, 11, 'customer', 20.62135360, 72.92667770, '2026-02-28 05:54:20'),
(406, 11, 'customer', 20.62141220, 72.92467730, '2026-02-28 05:54:25'),
(407, 11, 'customer', 20.62141510, 72.92457830, '2026-02-28 05:54:35'),
(408, 11, 'customer', 20.62141390, 72.92462140, '2026-02-28 05:54:40'),
(409, 11, 'customer', 20.62142890, 72.92463930, '2026-02-28 05:54:47'),
(410, 11, 'customer', 20.62148000, 72.92472670, '2026-02-28 05:55:10'),
(411, 11, 'customer', 20.62148000, 72.92472670, '2026-02-28 05:55:15'),
(412, 11, 'customer', 20.62148000, 72.92472670, '2026-02-28 05:55:20'),
(413, 11, 'customer', 20.62148000, 72.92472670, '2026-02-28 05:55:25'),
(414, 7, 'restaurant', 20.62149990, 72.92467220, '2026-02-28 05:56:25'),
(415, 7, 'restaurant', 20.62137580, 72.92628000, '2026-02-28 05:56:31'),
(416, 7, 'restaurant', 20.62137580, 72.92628000, '2026-02-28 05:56:35'),
(417, 7, 'restaurant', 20.62137150, 72.92638450, '2026-02-28 05:56:40'),
(418, 7, 'restaurant', 20.62137150, 72.92638450, '2026-02-28 05:56:45'),
(419, 7, 'restaurant', 20.62137160, 72.92642880, '2026-02-28 05:56:50'),
(420, 7, 'restaurant', 20.62137170, 72.92643210, '2026-02-28 05:57:01'),
(421, 7, 'restaurant', 20.62137170, 72.92643040, '2026-02-28 05:57:05'),
(422, 7, 'restaurant', 20.62137170, 72.92643000, '2026-02-28 05:57:35'),
(423, 7, 'restaurant', 20.62135820, 72.92661050, '2026-02-28 05:57:43'),
(424, 7, 'restaurant', 20.62151640, 72.92462150, '2026-02-28 05:58:16'),
(425, 7, 'restaurant', 20.62151660, 72.92461930, '2026-02-28 05:58:21'),
(426, 7, 'restaurant', 20.62151670, 72.92461870, '2026-02-28 05:58:31'),
(427, 7, 'restaurant', 20.62151670, 72.92461830, '2026-02-28 05:58:37'),
(428, 11, 'customer', 20.62151670, 72.92461830, '2026-02-28 05:58:57'),
(429, 11, 'customer', 20.62151670, 72.92461830, '2026-02-28 05:59:01'),
(430, 11, 'customer', 20.62151670, 72.92461830, '2026-02-28 05:59:11'),
(431, 11, 'customer', 20.62151670, 72.92461830, '2026-02-28 05:59:16'),
(432, 11, 'customer', 20.62151670, 72.92461830, '2026-02-28 05:59:31'),
(433, 11, 'customer', 20.62135320, 72.92667790, '2026-02-28 06:07:22'),
(434, 11, 'customer', 20.62135320, 72.92667790, '2026-02-28 06:07:26'),
(435, 11, 'customer', 20.62135320, 72.92667790, '2026-02-28 06:07:36'),
(436, 7, 'restaurant', 20.62192590, 72.92706410, '2026-02-28 06:07:40'),
(437, 7, 'restaurant', 20.62119610, 72.92706050, '2026-02-28 06:07:49'),
(438, 7, 'restaurant', 20.62135320, 72.92667790, '2026-02-28 06:08:16'),
(439, 11, 'customer', 20.62135320, 72.92667790, '2026-02-28 06:08:19'),
(440, 11, 'customer', 20.62135320, 72.92667790, '2026-02-28 06:08:21'),
(441, 7, 'restaurant', 20.62135320, 72.92667790, '2026-02-28 06:08:21'),
(442, 11, 'customer', 20.62135830, 72.92480170, '2026-02-28 06:08:56'),
(443, 11, 'customer', 20.62135830, 72.92480170, '2026-02-28 06:09:06'),
(444, 11, 'customer', 20.62135830, 72.92480170, '2026-02-28 06:09:14'),
(445, 11, 'customer', 20.62135830, 72.92480170, '2026-02-28 06:09:21'),
(446, 11, 'customer', 20.62135830, 72.92480170, '2026-02-28 06:09:26'),
(447, 11, 'customer', 20.62135830, 72.92480170, '2026-02-28 06:09:31'),
(448, 11, 'customer', 20.62135830, 72.92480170, '2026-02-28 06:09:39'),
(449, 11, 'customer', 20.62135830, 72.92480170, '2026-02-28 06:09:48'),
(450, 11, 'customer', 20.62135830, 72.92480170, '2026-02-28 06:09:51'),
(451, 11, 'customer', 20.62105960, 72.92684580, '2026-02-28 06:10:01'),
(452, 11, 'customer', 20.62101300, 72.92716470, '2026-02-28 06:10:06'),
(453, 11, 'customer', 20.62101300, 72.92716470, '2026-02-28 06:10:11'),
(454, 11, 'customer', 20.62101300, 72.92716470, '2026-02-28 06:10:51'),
(455, 7, 'restaurant', 20.62135320, 72.92667790, '2026-02-28 06:10:53'),
(456, 7, 'restaurant', 20.62135320, 72.92667790, '2026-02-28 06:10:56'),
(457, 7, 'restaurant', 20.62135320, 72.92667790, '2026-02-28 06:11:06'),
(458, 7, 'restaurant', 20.62135320, 72.92667790, '2026-02-28 06:11:11'),
(459, 7, 'restaurant', 20.62045520, 72.92770410, '2026-02-28 06:11:18'),
(460, 7, 'restaurant', 20.62045520, 72.92770410, '2026-02-28 06:11:21'),
(461, 11, 'customer', 20.62137170, 72.92665670, '2026-02-28 06:11:46'),
(462, 11, 'customer', 20.62137170, 72.92665670, '2026-02-28 06:11:46'),
(463, 11, 'customer', 20.62135620, 72.92667440, '2026-02-28 06:11:56'),
(464, 11, 'customer', 20.62135300, 72.92667820, '2026-02-28 06:12:01'),
(465, 11, 'customer', 20.62135300, 72.92667820, '2026-02-28 06:12:11'),
(466, 11, 'customer', 20.62125200, 72.92671370, '2026-02-28 06:12:47'),
(467, 11, 'customer', 20.62038800, 72.92770360, '2026-02-28 06:13:01'),
(468, 11, 'customer', 20.62038800, 72.92770360, '2026-02-28 06:13:06'),
(469, 11, 'customer', 20.62038800, 72.92770360, '2026-02-28 06:13:11'),
(470, 7, 'restaurant', 20.62155650, 72.92462500, '2026-02-28 06:13:29'),
(471, 7, 'restaurant', 20.62155650, 72.92462500, '2026-02-28 06:13:33'),
(472, 7, 'restaurant', 20.62155670, 72.92462500, '2026-02-28 06:13:38'),
(473, 7, 'restaurant', 20.62155670, 72.92462500, '2026-02-28 06:13:43'),
(474, 11, 'customer', 20.62155670, 72.92462500, '2026-02-28 06:13:48'),
(475, 11, 'customer', 20.62155670, 72.92462500, '2026-02-28 06:13:56'),
(476, 11, 'customer', 20.62162380, 72.92481310, '2026-03-01 01:13:48'),
(477, 12, 'delivery', 20.62151510, 72.92463370, '2026-03-01 01:20:06'),
(478, 12, 'delivery', 20.62157340, 72.92461000, '2026-03-01 01:20:31'),
(479, 13, 'restaurant', 20.62221200, 72.92516590, '2026-03-01 01:23:06'),
(480, 13, 'restaurant', 20.62144190, 72.92472110, '2026-03-01 01:23:39'),
(481, 13, 'restaurant', 20.62144190, 72.92472110, '2026-03-01 01:23:41'),
(482, 11, 'customer', 20.62143680, 72.92471650, '2026-03-01 01:23:50'),
(483, 11, 'customer', 20.62143910, 72.92471790, '2026-03-01 01:23:58'),
(484, 11, 'customer', 20.62143980, 72.92471840, '2026-03-01 01:24:06'),
(485, 13, 'restaurant', 20.62143990, 72.92471840, '2026-03-01 01:24:14'),
(486, 11, 'customer', 20.62143990, 72.92471840, '2026-03-01 01:24:15'),
(487, 13, 'restaurant', 20.62176610, 72.92607000, '2026-03-01 01:25:01'),
(488, 11, 'customer', 20.62155890, 72.92475880, '2026-03-01 01:26:06'),
(489, 11, 'customer', 20.62155890, 72.92475880, '2026-03-01 01:26:08'),
(490, 11, 'customer', 20.62155890, 72.92475880, '2026-03-01 01:26:13'),
(491, 13, 'restaurant', 20.62152170, 72.92460340, '2026-03-01 01:26:34'),
(492, 12, 'delivery', 20.62150740, 72.92462790, '2026-03-01 01:26:41'),
(493, 12, 'delivery', 20.62152240, 72.92460920, '2026-03-01 01:27:41'),
(494, 11, 'customer', 20.62142760, 72.92465100, '2026-03-01 01:29:05'),
(495, 11, 'customer', 20.62142760, 72.92465100, '2026-03-01 01:29:07'),
(496, 11, 'customer', 20.62142080, 72.92465490, '2026-03-01 01:29:15'),
(497, 11, 'customer', 20.62142080, 72.92465490, '2026-03-01 01:29:17'),
(498, 11, 'customer', 20.62142920, 72.92464740, '2026-03-01 01:29:25'),
(499, 11, 'customer', 20.62142920, 72.92464740, '2026-03-01 01:29:27'),
(500, 11, 'customer', 20.62164200, 72.92470930, '2026-03-01 01:29:42'),
(501, 13, 'restaurant', 20.62154140, 72.92460240, '2026-03-01 01:29:56'),
(502, 13, 'restaurant', 20.62154140, 72.92460240, '2026-03-01 01:29:59'),
(503, 12, 'delivery', 20.62154930, 72.92462070, '2026-03-01 01:30:06'),
(504, 12, 'delivery', 20.62154930, 72.92462070, '2026-03-01 01:30:10'),
(505, 12, 'delivery', 20.62142490, 72.92465200, '2026-03-01 01:30:16'),
(506, 12, 'delivery', 20.62143590, 72.92472480, '2026-03-01 01:30:21'),
(507, 12, 'delivery', 20.62143590, 72.92472480, '2026-03-01 01:30:25'),
(508, 12, 'delivery', 20.62159120, 72.92488670, '2026-03-01 01:30:31'),
(509, 12, 'delivery', 20.62158230, 72.92473220, '2026-03-01 01:30:37'),
(510, 12, 'delivery', 20.62158230, 72.92473220, '2026-03-01 01:30:41'),
(511, 12, 'delivery', 20.62148270, 72.92468190, '2026-03-01 01:30:46'),
(512, 12, 'delivery', 20.62148270, 72.92468190, '2026-03-01 01:30:50'),
(513, 12, 'delivery', 20.62148270, 72.92468190, '2026-03-01 01:31:02'),
(514, 11, 'customer', 20.62142440, 72.92465450, '2026-03-01 01:31:27'),
(515, 11, 'customer', 20.62162700, 72.92459350, '2026-03-01 01:31:52'),
(516, 11, 'customer', 20.62162700, 72.92459350, '2026-03-01 01:31:57'),
(517, 12, 'delivery', 20.62163440, 72.92458500, '2026-03-01 01:32:44'),
(518, 11, 'customer', 20.62163440, 72.92458500, '2026-03-01 01:33:16'),
(519, 12, 'delivery', 20.62165500, 72.92459540, '2026-03-01 01:33:33'),
(520, 13, 'restaurant', 20.62151370, 72.92457380, '2026-03-01 02:02:36'),
(521, 12, 'delivery', 20.62142010, 72.92465270, '2026-03-01 02:03:42'),
(522, 12, 'delivery', 20.62142010, 72.92465270, '2026-03-01 02:03:47'),
(523, 12, 'delivery', 20.62142440, 72.92465450, '2026-03-01 02:04:33'),
(524, 12, 'delivery', 20.62143810, 72.92462430, '2026-03-01 02:04:48'),
(525, 11, 'customer', 20.62175090, 72.92704710, '2026-03-01 02:08:46'),
(526, 11, 'customer', 20.62146840, 72.92460810, '2026-03-01 02:08:55'),
(527, 11, 'customer', 20.62146840, 72.92460810, '2026-03-01 02:08:56'),
(528, 11, 'customer', 20.62146840, 72.92460810, '2026-03-01 02:09:05'),
(529, 11, 'customer', 20.62140050, 72.92460030, '2026-03-01 02:10:02'),
(530, 11, 'customer', 20.62149570, 72.92463340, '2026-03-01 02:10:27'),
(531, 11, 'customer', 20.62139920, 72.92464100, '2026-03-01 02:10:37'),
(532, 11, 'customer', 20.62139920, 72.92464100, '2026-03-01 02:10:43'),
(533, 11, 'customer', 20.62141890, 72.92465420, '2026-03-01 02:10:47'),
(534, 11, 'customer', 20.62145270, 72.92463290, '2026-03-01 02:10:57'),
(535, 13, 'restaurant', 20.62144320, 72.92463570, '2026-03-01 02:11:06'),
(536, 13, 'restaurant', 20.62147630, 72.92470470, '2026-03-01 02:11:21'),
(537, 13, 'restaurant', 20.62147630, 72.92470470, '2026-03-01 02:11:26'),
(538, 13, 'restaurant', 20.62140650, 72.92464700, '2026-03-01 02:11:36'),
(539, 13, 'restaurant', 20.62143520, 72.92463490, '2026-03-01 02:11:44'),
(540, 13, 'restaurant', 20.62143520, 72.92463490, '2026-03-01 02:11:46'),
(541, 13, 'restaurant', 20.62149810, 72.92464240, '2026-03-01 02:11:54'),
(542, 13, 'restaurant', 20.62149810, 72.92464240, '2026-03-01 02:11:56'),
(543, 12, 'delivery', 20.62149320, 72.92463340, '2026-03-01 02:12:52'),
(544, 12, 'delivery', 20.62144360, 72.92464720, '2026-03-01 02:13:00'),
(545, 12, 'delivery', 20.62144360, 72.92464720, '2026-03-01 02:13:02'),
(546, 12, 'delivery', 20.62144360, 72.92464720, '2026-03-01 02:13:07'),
(547, 11, 'customer', 20.62142200, 72.92465260, '2026-03-01 02:13:23'),
(548, 11, 'customer', 20.62145760, 72.92465000, '2026-03-01 02:13:28'),
(549, 11, 'customer', 20.62148610, 72.92464140, '2026-03-01 02:13:38'),
(550, 11, 'customer', 20.62148610, 72.92464140, '2026-03-01 02:13:43'),
(551, 13, 'restaurant', 20.62149120, 72.92463450, '2026-03-01 02:13:52'),
(552, 13, 'restaurant', 20.62149120, 72.92463450, '2026-03-01 02:13:57'),
(553, 12, 'delivery', 20.62142480, 72.92465140, '2026-03-01 02:14:04'),
(554, 12, 'delivery', 20.62142480, 72.92465140, '2026-03-01 02:14:05'),
(555, 12, 'delivery', 20.62145070, 72.92464610, '2026-03-01 02:14:11'),
(556, 12, 'delivery', 20.62144510, 72.92464710, '2026-03-01 02:14:18'),
(557, 12, 'delivery', 20.62144510, 72.92464710, '2026-03-01 02:14:21'),
(558, 12, 'delivery', 20.62144510, 72.92464710, '2026-03-01 02:14:26'),
(559, 12, 'delivery', 20.62142980, 72.92465520, '2026-03-01 02:14:31'),
(560, 12, 'delivery', 20.62141200, 72.92464130, '2026-03-01 02:14:36'),
(561, 12, 'delivery', 20.62148730, 72.92464090, '2026-03-01 02:14:58'),
(562, 12, 'delivery', 20.62146340, 72.92464410, '2026-03-01 02:15:06'),
(563, 12, 'delivery', 20.62146340, 72.92464410, '2026-03-01 02:15:08'),
(564, 12, 'delivery', 20.62141480, 72.92467990, '2026-03-01 02:15:16'),
(565, 12, 'delivery', 20.62141480, 72.92467990, '2026-03-01 02:15:19'),
(566, 12, 'delivery', 20.62141360, 72.92465710, '2026-03-01 02:15:26'),
(567, 12, 'delivery', 20.62141360, 72.92465710, '2026-03-01 02:15:28'),
(568, 12, 'delivery', 20.62141600, 72.92464240, '2026-03-01 02:15:36'),
(569, 12, 'delivery', 20.62141600, 72.92464240, '2026-03-01 02:15:38'),
(570, 12, 'delivery', 20.62175090, 72.92704710, '2026-03-01 02:16:11'),
(571, 12, 'delivery', 20.62175090, 72.92704710, '2026-03-01 02:16:13'),
(572, 12, 'delivery', 20.62143160, 72.92465040, '2026-03-01 02:16:23'),
(573, 12, 'delivery', 20.62141350, 72.92464640, '2026-03-01 02:16:36'),
(574, 12, 'delivery', 20.62144790, 72.92464610, '2026-03-01 02:16:41'),
(575, 12, 'delivery', 20.62144790, 72.92464610, '2026-03-01 02:16:43'),
(576, 12, 'delivery', 20.62144050, 72.92463590, '2026-03-01 02:16:51'),
(577, 12, 'delivery', 20.62144050, 72.92463590, '2026-03-01 02:16:53'),
(578, 12, 'delivery', 20.62144050, 72.92463590, '2026-03-01 02:16:58'),
(579, 12, 'delivery', 20.62149190, 72.92462910, '2026-03-01 02:32:29'),
(580, 7, 'restaurant', 20.60770430, 72.90823680, '2026-03-10 01:40:51'),
(581, 13, 'restaurant', 20.60735130, 72.90867540, '2026-03-10 01:42:50'),
(582, 13, 'restaurant', 20.60751900, 72.90847740, '2026-03-10 01:43:06'),
(583, 13, 'restaurant', 20.60760990, 72.90837240, '2026-03-10 01:43:15'),
(584, 13, 'restaurant', 20.60769200, 72.90825680, '2026-03-10 01:43:25'),
(585, 13, 'restaurant', 20.60768200, 72.90827570, '2026-03-10 01:43:33'),
(586, 13, 'restaurant', 20.60768200, 72.90827570, '2026-03-10 01:43:35'),
(587, 13, 'restaurant', 20.60770140, 72.90824210, '2026-03-10 01:43:41'),
(588, 13, 'restaurant', 20.60770140, 72.90824210, '2026-03-10 01:43:45'),
(589, 13, 'restaurant', 20.60770660, 72.90823220, '2026-03-10 01:43:57'),
(590, 13, 'restaurant', 20.60770660, 72.90823220, '2026-03-10 01:44:00'),
(591, 7, 'restaurant', 20.60745440, 72.90858670, '2026-03-10 01:44:30'),
(592, 7, 'restaurant', 20.60760850, 72.90837320, '2026-03-10 01:44:45'),
(593, 7, 'restaurant', 20.60760380, 72.90843460, '2026-03-10 01:45:01'),
(594, 13, 'restaurant', 20.60760380, 72.90843460, '2026-03-10 01:45:02'),
(595, 7, 'restaurant', 20.60765630, 72.90832020, '2026-03-10 01:45:10'),
(596, 12, 'delivery', 20.60745300, 72.90859210, '2026-03-10 01:45:46'),
(597, 12, 'delivery', 20.60766960, 72.90829210, '2026-03-10 01:46:01'),
(598, 12, 'delivery', 20.60766960, 72.90829210, '2026-03-10 01:46:06'),
(599, 13, 'restaurant', 20.60754620, 72.90844900, '2026-03-10 01:46:13'),
(600, 13, 'restaurant', 20.60754820, 72.90857460, '2026-03-10 01:46:49'),
(601, 13, 'restaurant', 20.60769740, 72.90825600, '2026-03-10 01:46:58'),
(602, 13, 'restaurant', 20.60769250, 72.90827420, '2026-03-10 01:47:08'),
(603, 13, 'restaurant', 20.60757360, 72.90843070, '2026-03-10 01:47:23'),
(604, 7, 'restaurant', 20.60766760, 72.90829670, '2026-03-10 01:47:41'),
(605, 7, 'restaurant', 20.60766760, 72.90829670, '2026-03-10 01:47:44'),
(606, 7, 'restaurant', 20.60766760, 72.90829670, '2026-03-10 01:47:48'),
(607, 12, 'delivery', 20.60763780, 72.90834940, '2026-03-10 01:48:07'),
(608, 12, 'delivery', 20.60747100, 72.90867030, '2026-03-10 01:48:13'),
(609, 12, 'delivery', 20.60764290, 72.90835680, '2026-03-10 01:48:22'),
(610, 12, 'delivery', 20.60764590, 72.90833710, '2026-03-10 01:48:29'),
(611, 12, 'delivery', 20.60763460, 72.90839150, '2026-03-10 01:48:37'),
(612, 12, 'delivery', 20.60760670, 72.90835650, '2026-03-10 01:48:45'),
(613, 12, 'delivery', 20.60760670, 72.90835650, '2026-03-10 01:48:47'),
(614, 12, 'delivery', 20.60757720, 72.90844070, '2026-03-10 01:49:09'),
(615, 12, 'delivery', 20.60757720, 72.90844070, '2026-03-10 01:49:13'),
(616, 13, 'restaurant', 20.60755380, 72.90844530, '2026-03-10 01:49:28'),
(617, 12, 'delivery', 20.60764450, 72.90833250, '2026-03-10 01:49:39'),
(618, 12, 'delivery', 20.60743260, 72.90876470, '2026-03-10 01:49:44'),
(619, 7, 'restaurant', 20.60756670, 72.90843550, '2026-03-10 01:50:00'),
(620, 7, 'restaurant', 20.60762170, 72.90837330, '2026-03-10 01:50:15'),
(621, 12, 'delivery', 20.60745130, 72.90858930, '2026-03-10 01:50:22'),
(622, 12, 'delivery', 20.60749080, 72.90878220, '2026-03-10 01:50:32'),
(623, 12, 'delivery', 20.60737660, 72.90872050, '2026-03-10 01:50:42'),
(624, 12, 'delivery', 20.60737660, 72.90872050, '2026-03-10 01:50:47'),
(625, 13, 'restaurant', 20.60741870, 72.90839770, '2026-03-10 02:05:22'),
(626, 13, 'restaurant', 20.60746910, 72.90877500, '2026-03-10 02:05:30'),
(627, 13, 'restaurant', 20.60746910, 72.90877500, '2026-03-10 02:05:32'),
(628, 13, 'restaurant', 20.60748460, 72.90884420, '2026-03-10 02:05:42'),
(629, 7, 'restaurant', 20.60764070, 72.90833900, '2026-03-10 02:05:51'),
(630, 7, 'restaurant', 20.60760010, 72.90848180, '2026-03-10 02:06:01'),
(631, 7, 'restaurant', 20.60760010, 72.90848180, '2026-03-10 02:06:06'),
(632, 7, 'restaurant', 20.60761770, 72.90848200, '2026-03-10 02:06:16'),
(633, 7, 'restaurant', 20.60761770, 72.90848200, '2026-03-10 02:06:21'),
(634, 12, 'delivery', 20.60754570, 72.90832740, '2026-03-10 02:06:27'),
(635, 12, 'delivery', 20.60769960, 72.90824200, '2026-03-10 02:06:35'),
(636, 12, 'delivery', 20.60769960, 72.90824200, '2026-03-10 02:06:37'),
(637, 12, 'delivery', 20.60745110, 72.90891420, '2026-03-10 02:06:52'),
(638, 12, 'delivery', 20.60745110, 72.90891420, '2026-03-10 02:06:57'),
(639, 12, 'delivery', 20.60760470, 72.90844520, '2026-03-10 02:07:33'),
(640, 13, 'restaurant', 20.62184410, 72.92495260, '2026-03-10 03:13:20'),
(641, 13, 'restaurant', 20.62184500, 72.92495300, '2026-03-10 03:13:31'),
(642, 13, 'restaurant', 20.62184500, 72.92495330, '2026-03-10 03:13:35'),
(643, 13, 'restaurant', 20.62184500, 72.92495330, '2026-03-10 03:13:46'),
(644, 13, 'restaurant', 20.62184500, 72.92495330, '2026-03-10 03:13:50'),
(645, 7, 'restaurant', 20.62276200, 72.92395740, '2026-03-10 03:14:59'),
(646, 7, 'restaurant', 20.62275710, 72.92395970, '2026-03-10 03:15:14'),
(647, 7, 'restaurant', 20.62275990, 72.92396000, '2026-03-10 03:15:19'),
(648, 7, 'restaurant', 20.62276010, 72.92396000, '2026-03-10 03:15:29'),
(649, 7, 'restaurant', 20.62276000, 72.92396000, '2026-03-10 03:15:34'),
(650, 7, 'restaurant', 20.62156820, 72.92456100, '2026-03-10 03:27:10'),
(651, 12, 'delivery', 20.62122260, 72.92450220, '2026-03-10 03:29:08'),
(652, 12, 'delivery', 20.62122180, 72.92450190, '2026-03-10 03:29:18'),
(653, 12, 'delivery', 20.62122170, 72.92450170, '2026-03-10 03:29:23'),
(654, 12, 'delivery', 20.62122170, 72.92450170, '2026-03-10 03:29:33'),
(655, 12, 'delivery', 20.62122170, 72.92450170, '2026-03-10 03:29:38'),
(656, 12, 'delivery', 20.62122170, 72.92450170, '2026-03-10 03:29:38'),
(657, 12, 'delivery', 20.62162770, 72.92472470, '2026-03-10 03:29:50'),
(658, 12, 'delivery', 20.62160440, 72.92474240, '2026-03-10 03:29:55'),
(659, 12, 'delivery', 20.62159840, 72.92474800, '2026-03-10 03:30:00'),
(660, 12, 'delivery', 20.62159840, 72.92474800, '2026-03-10 03:30:05'),
(661, 13, 'restaurant', 20.62159830, 72.92474820, '2026-03-10 03:30:13'),
(662, 13, 'restaurant', 20.62159830, 72.92474820, '2026-03-10 03:30:23'),
(663, 12, 'delivery', 20.62159830, 72.92474830, '2026-03-10 03:30:27'),
(664, 12, 'delivery', 20.62182940, 72.92475500, '2026-03-10 03:30:30'),
(665, 12, 'delivery', 20.62182940, 72.92475500, '2026-03-10 03:30:34'),
(666, 13, 'restaurant', 20.62183010, 72.92475500, '2026-03-10 03:30:45'),
(667, 13, 'restaurant', 20.62183010, 72.92475500, '2026-03-10 03:30:48'),
(668, 13, 'restaurant', 20.62183000, 72.92475500, '2026-03-10 03:30:59'),
(669, 12, 'delivery', 20.62183000, 72.92475500, '2026-03-10 03:31:03'),
(670, 13, 'restaurant', 20.62183000, 72.92475500, '2026-03-10 03:31:04'),
(671, 12, 'delivery', 20.62183000, 72.92475500, '2026-03-10 03:31:05'),
(672, 12, 'delivery', 20.62183000, 72.92475500, '2026-03-10 03:31:09'),
(673, 12, 'delivery', 20.62183000, 72.92475500, '2026-03-10 03:31:16'),
(674, 13, 'restaurant', 20.62175180, 72.92485310, '2026-03-10 03:31:20'),
(675, 13, 'restaurant', 20.62175160, 72.92485330, '2026-03-10 03:31:26'),
(676, 13, 'restaurant', 20.62195660, 72.92486170, '2026-03-10 03:31:39'),
(677, 13, 'restaurant', 20.62195690, 72.92486170, '2026-03-10 03:31:44'),
(678, 13, 'restaurant', 20.62195670, 72.92486170, '2026-03-10 03:31:54'),
(679, 13, 'restaurant', 20.62131130, 72.92607720, '2026-03-10 03:31:59'),
(680, 13, 'restaurant', 20.62131130, 72.92607720, '2026-03-10 03:32:04'),
(681, 7, 'restaurant', 20.62174220, 72.92481100, '2026-03-10 03:32:15'),
(682, 13, 'restaurant', 20.62174220, 72.92481100, '2026-03-10 03:32:18'),
(683, 13, 'restaurant', 20.62174260, 72.92481020, '2026-03-10 03:32:19'),
(684, 7, 'restaurant', 20.62174260, 72.92481020, '2026-03-10 03:32:20'),
(685, 13, 'restaurant', 20.62174580, 72.92480880, '2026-03-10 03:32:29'),
(686, 13, 'restaurant', 20.62174350, 72.92480830, '2026-03-10 03:32:34'),
(687, 13, 'restaurant', 20.62174320, 72.92480830, '2026-03-10 03:32:44'),
(688, 13, 'restaurant', 20.62174330, 72.92480830, '2026-03-10 03:32:49'),
(689, 13, 'restaurant', 20.62174330, 72.92480830, '2026-03-10 03:32:54'),
(690, 13, 'restaurant', 20.62127140, 72.92677140, '2026-03-11 01:50:59'),
(691, 13, 'restaurant', 20.62134230, 72.92669030, '2026-03-11 01:51:03'),
(692, 13, 'restaurant', 20.62106530, 72.92700700, '2026-03-11 01:51:13'),
(693, 13, 'restaurant', 20.62173150, 72.92521310, '2026-03-11 01:51:20'),
(694, 13, 'restaurant', 20.62193630, 72.92468970, '2026-03-11 01:51:28'),
(695, 13, 'restaurant', 20.62103020, 72.92704710, '2026-03-11 01:51:32'),
(696, 7, 'restaurant', 20.62135320, 72.92667790, '2026-03-11 01:54:02'),
(697, 7, 'restaurant', 20.62135320, 72.92667790, '2026-03-11 01:54:07'),
(698, 7, 'restaurant', 20.62135320, 72.92667790, '2026-03-11 01:54:16'),
(699, 13, 'restaurant', 20.62138380, 72.92666710, '2026-03-11 01:54:30'),
(700, 13, 'restaurant', 20.62137350, 72.92667070, '2026-03-11 01:54:34'),
(701, 13, 'restaurant', 20.62135780, 72.92667630, '2026-03-11 01:54:44'),
(702, 7, 'restaurant', 20.62107570, 72.92699510, '2026-03-11 01:54:47'),
(703, 13, 'restaurant', 20.62107570, 72.92699510, '2026-03-11 01:54:48'),
(704, 7, 'restaurant', 20.62107570, 72.92699510, '2026-03-11 01:54:57'),
(705, 13, 'restaurant', 20.62178830, 72.92505320, '2026-03-11 01:54:58'),
(706, 13, 'restaurant', 20.62147580, 72.92626360, '2026-03-11 01:55:03'),
(707, 13, 'restaurant', 20.62163850, 72.92459320, '2026-03-11 01:55:18'),
(708, 13, 'restaurant', 20.62135320, 72.92667790, '2026-03-12 01:06:08'),
(709, 13, 'restaurant', 20.62105780, 72.92701550, '2026-03-12 01:06:17'),
(710, 13, 'restaurant', 20.62101060, 72.92706950, '2026-03-12 01:06:21'),
(711, 13, 'restaurant', 20.62101780, 72.92706120, '2026-03-12 01:06:32'),
(712, 13, 'restaurant', 20.62102660, 72.92705120, '2026-03-12 01:06:36');
INSERT INTO `location_tracking` (`id`, `user_id`, `role`, `lat`, `lng`, `recorded_at`) VALUES
(713, 13, 'restaurant', 20.62103040, 72.92704680, '2026-03-12 01:06:46'),
(714, 13, 'restaurant', 20.62103060, 72.92704670, '2026-03-12 01:06:51'),
(715, 13, 'restaurant', 20.62103020, 72.92704710, '2026-03-12 01:10:08'),
(716, 13, 'restaurant', 20.62103020, 72.92704710, '2026-03-12 01:10:19'),
(717, 13, 'restaurant', 20.62103020, 72.92704710, '2026-03-12 01:10:21'),
(718, 13, 'restaurant', 20.62103020, 72.92704710, '2026-03-12 01:10:32'),
(719, 13, 'restaurant', 20.62103020, 72.92704710, '2026-03-12 01:10:36'),
(720, 13, 'restaurant', 20.62135320, 72.92667790, '2026-03-12 01:19:12'),
(721, 13, 'restaurant', 20.62135320, 72.92667790, '2026-03-12 01:19:21'),
(722, 13, 'restaurant', 20.62135320, 72.92667790, '2026-03-12 01:19:26'),
(723, 13, 'restaurant', 20.62135320, 72.92667790, '2026-03-12 01:19:37'),
(724, 13, 'restaurant', 20.62135320, 72.92667790, '2026-03-12 01:19:52'),
(725, 13, 'restaurant', 20.62108000, 72.92699010, '2026-03-12 01:19:56'),
(726, 13, 'restaurant', 20.62139790, 72.92508790, '2026-03-12 04:57:33'),
(727, 13, 'restaurant', 20.62140910, 72.92469000, '2026-03-12 04:57:44'),
(728, 13, 'restaurant', 20.62147150, 72.92459060, '2026-03-12 04:57:58'),
(729, 13, 'restaurant', 20.62160990, 72.92471830, '2026-03-12 04:58:26'),
(730, 13, 'restaurant', 20.62160990, 72.92471830, '2026-03-12 04:58:28'),
(731, 13, 'restaurant', 20.62161010, 72.92471840, '2026-03-12 04:58:33'),
(732, 13, 'restaurant', 20.62161000, 72.92471830, '2026-03-12 04:58:43'),
(733, 13, 'restaurant', 20.62161000, 72.92471830, '2026-03-12 04:58:48'),
(734, 13, 'restaurant', 20.62161000, 72.92471830, '2026-03-12 04:58:58'),
(735, 13, 'restaurant', 20.62161000, 72.92471830, '2026-03-12 04:59:03'),
(736, 13, 'restaurant', 20.62161000, 72.92471830, '2026-03-12 04:59:13'),
(737, 13, 'restaurant', 20.62161000, 72.92471830, '2026-03-12 04:59:18'),
(738, 13, 'restaurant', 20.62161000, 72.92471830, '2026-03-12 04:59:28'),
(739, 7, 'restaurant', 20.62188710, 72.92483230, '2026-03-12 05:08:52'),
(740, 7, 'restaurant', 20.62125210, 72.92671370, '2026-03-12 05:09:07'),
(741, 7, 'restaurant', 20.62125490, 72.92671270, '2026-03-12 05:09:22'),
(742, 7, 'restaurant', 20.62125490, 72.92671270, '2026-03-12 05:09:27'),
(743, 7, 'restaurant', 20.62125490, 72.92671270, '2026-03-12 05:10:42'),
(744, 12, 'delivery', 20.62121310, 72.92683810, '2026-03-12 05:12:05'),
(745, 12, 'delivery', 20.62129750, 72.92674160, '2026-03-12 05:12:16'),
(746, 12, 'delivery', 20.62129750, 72.92674160, '2026-03-12 05:12:21'),
(747, 12, 'delivery', 20.62155680, 72.92486630, '2026-03-12 05:12:38'),
(748, 12, 'delivery', 20.62153040, 72.92484940, '2026-03-12 05:12:43'),
(749, 12, 'delivery', 20.62158000, 72.92486030, '2026-03-12 05:12:48'),
(750, 13, 'restaurant', 20.62158000, 72.92486030, '2026-03-12 05:12:52'),
(751, 13, 'restaurant', 20.62158000, 72.92486030, '2026-03-12 05:12:59'),
(752, 12, 'delivery', 20.62158270, 72.92485930, '2026-03-12 05:13:03'),
(753, 12, 'delivery', 20.62158030, 72.92484680, '2026-03-12 05:13:08'),
(754, 12, 'delivery', 20.62158000, 72.92484650, '2026-03-12 05:13:30'),
(755, 12, 'delivery', 20.62122530, 72.92654280, '2026-03-13 00:37:27'),
(756, 12, 'delivery', 20.62104850, 72.92699980, '2026-03-13 00:37:37'),
(757, 12, 'delivery', 20.62166500, 72.92469000, '2026-03-13 00:37:52'),
(758, 12, 'delivery', 20.62148640, 72.92470490, '2026-03-13 00:37:57'),
(759, 12, 'delivery', 20.62149950, 72.92467460, '2026-03-13 00:38:02'),
(760, 12, 'delivery', 20.62150480, 72.92468770, '2026-03-13 00:38:07'),
(761, 12, 'delivery', 20.62147770, 72.92467720, '2026-03-13 00:38:12'),
(762, 12, 'delivery', 20.62146710, 72.92468780, '2026-03-13 00:38:17'),
(763, 12, 'delivery', 20.62144750, 72.92470910, '2026-03-13 00:38:22'),
(764, 13, 'restaurant', 20.62151820, 72.92468560, '2026-03-13 00:44:50'),
(765, 13, 'restaurant', 20.62151830, 72.92468510, '2026-03-13 00:44:55'),
(766, 13, 'restaurant', 20.62151830, 72.92468500, '2026-03-13 00:45:00'),
(767, 13, 'restaurant', 20.62151830, 72.92468500, '2026-03-13 00:45:10'),
(768, 13, 'restaurant', 20.62151830, 72.92468500, '2026-03-13 00:45:15'),
(769, 13, 'restaurant', 20.62167670, 72.92537620, '2026-03-13 00:46:25'),
(770, 13, 'restaurant', 20.62186140, 72.92489880, '2026-03-13 00:46:30'),
(771, 13, 'restaurant', 20.62110420, 72.92685590, '2026-03-13 00:46:40'),
(772, 13, 'restaurant', 20.62171730, 72.92527120, '2026-03-13 00:46:45'),
(773, 13, 'restaurant', 20.62191820, 72.92475180, '2026-03-13 00:46:58'),
(774, 13, 'restaurant', 20.62189510, 72.92481160, '2026-03-13 00:47:08'),
(775, 13, 'restaurant', 20.62103020, 72.92704710, '2026-03-13 00:47:11'),
(776, 13, 'restaurant', 20.62103020, 72.92704710, '2026-03-13 00:47:21'),
(777, 13, 'restaurant', 20.62103020, 72.92704710, '2026-03-13 00:47:25'),
(778, 13, 'restaurant', 20.62103020, 72.92704710, '2026-03-13 00:47:35'),
(779, 13, 'restaurant', 20.62103020, 72.92704710, '2026-03-13 00:47:40'),
(780, 13, 'restaurant', 20.62103020, 72.92704710, '2026-03-13 00:47:50'),
(781, 13, 'restaurant', 20.62103020, 72.92704710, '2026-03-13 00:48:10'),
(782, 13, 'restaurant', 20.62056970, 72.92757330, '2026-03-13 00:48:15'),
(783, 13, 'restaurant', 20.62188710, 72.92483230, '2026-03-13 00:48:25'),
(784, 13, 'restaurant', 20.62188710, 72.92483230, '2026-03-13 00:48:30'),
(785, 13, 'restaurant', 20.62112630, 72.92679880, '2026-03-13 00:48:40'),
(786, 13, 'restaurant', 20.62099110, 72.92714810, '2026-03-13 00:48:45'),
(787, 13, 'restaurant', 20.62100310, 72.92711720, '2026-03-13 00:48:55'),
(788, 13, 'restaurant', 20.62102220, 72.92706780, '2026-03-13 00:49:00'),
(789, 13, 'restaurant', 20.62103070, 72.92704580, '2026-03-13 00:49:10'),
(790, 13, 'restaurant', 20.62103100, 72.92704490, '2026-03-13 00:49:15'),
(791, 13, 'restaurant', 20.62103050, 72.92704640, '2026-03-13 00:49:25'),
(792, 13, 'restaurant', 20.62103020, 72.92704700, '2026-03-13 00:49:30'),
(793, 13, 'restaurant', 20.62103020, 72.92704710, '2026-03-13 00:49:40'),
(794, 13, 'restaurant', 20.62103020, 72.92704710, '2026-03-13 00:49:45'),
(795, 13, 'restaurant', 20.62103020, 72.92704710, '2026-03-13 00:49:55'),
(796, 13, 'restaurant', 20.62103020, 72.92704710, '2026-03-13 00:50:20'),
(797, 13, 'restaurant', 20.62103020, 72.92704710, '2026-03-13 00:50:31'),
(798, 13, 'restaurant', 20.62172640, 72.92524780, '2026-03-13 00:50:35'),
(799, 13, 'restaurant', 20.62115290, 72.92673000, '2026-03-13 00:50:45'),
(800, 13, 'restaurant', 20.62102300, 72.92706580, '2026-03-13 00:50:50'),
(801, 13, 'restaurant', 20.62101120, 72.92709610, '2026-03-13 00:51:00'),
(802, 13, 'restaurant', 20.62139960, 72.92465020, '2026-03-13 00:51:05'),
(803, 13, 'restaurant', 20.62139960, 72.92465020, '2026-03-13 00:51:10'),
(804, 7, 'restaurant', 20.62103020, 72.92704710, '2026-03-13 00:51:19'),
(805, 7, 'restaurant', 20.62141450, 72.92463800, '2026-03-13 00:51:24'),
(806, 7, 'restaurant', 20.62141450, 72.92463800, '2026-03-13 00:51:34'),
(807, 12, 'delivery', 20.62144470, 72.92523410, '2026-03-13 00:52:03'),
(808, 12, 'delivery', 20.62157190, 72.92471010, '2026-03-13 00:52:08'),
(809, 12, 'delivery', 20.62157660, 72.92470520, '2026-03-13 00:52:13'),
(810, 12, 'delivery', 20.62157660, 72.92470520, '2026-03-13 00:52:18'),
(811, 12, 'delivery', 20.62157670, 72.92470500, '2026-03-13 00:52:23'),
(812, 7, 'restaurant', 20.62157150, 72.92469740, '2026-03-13 00:52:25'),
(813, 7, 'restaurant', 20.62157150, 72.92469740, '2026-03-13 00:52:29'),
(814, 13, 'restaurant', 20.62157000, 72.92469500, '2026-03-13 00:52:37'),
(815, 13, 'restaurant', 20.62157000, 72.92469500, '2026-03-13 00:52:40'),
(816, 13, 'restaurant', 20.62157000, 72.92469480, '2026-03-13 00:52:50'),
(817, 13, 'restaurant', 20.62144520, 72.92465900, '2026-03-13 00:52:55'),
(818, 13, 'restaurant', 20.62141500, 72.92465030, '2026-03-13 00:53:05'),
(819, 13, 'restaurant', 20.62142200, 72.92465240, '2026-03-13 00:53:10'),
(820, 13, 'restaurant', 20.62142200, 72.92465240, '2026-03-13 00:53:20'),
(821, 13, 'restaurant', 20.62142540, 72.92465340, '2026-03-13 00:56:03'),
(822, 13, 'restaurant', 20.62142540, 72.92465340, '2026-03-13 00:56:05'),
(823, 13, 'restaurant', 20.60755350, 72.90853640, '2026-03-28 01:29:02'),
(824, 13, 'restaurant', 20.60762470, 72.90857260, '2026-03-28 01:29:17'),
(825, 13, 'restaurant', 20.60762470, 72.90857260, '2026-03-28 01:29:22'),
(826, 7, 'restaurant', 20.60757890, 72.90848930, '2026-03-28 01:30:13'),
(827, 7, 'restaurant', 20.60749790, 72.90863120, '2026-03-28 01:30:28'),
(828, 7, 'restaurant', 20.60749790, 72.90863120, '2026-03-28 01:30:39'),
(829, 7, 'restaurant', 20.60750300, 72.90862800, '2026-03-28 01:30:59'),
(830, 7, 'restaurant', 20.60750300, 72.90862800, '2026-03-28 01:31:03'),
(831, 7, 'restaurant', 20.60750070, 72.90862970, '2026-03-28 01:31:18'),
(832, 12, 'delivery', 20.60756030, 72.90858850, '2026-03-28 01:32:10'),
(833, 12, 'delivery', 20.60756030, 72.90858850, '2026-03-28 01:32:14'),
(834, 12, 'delivery', 20.60758760, 72.90854360, '2026-03-28 01:32:19'),
(835, 12, 'delivery', 20.60753310, 72.90858450, '2026-03-28 01:32:34'),
(836, 12, 'delivery', 20.60753310, 72.90858450, '2026-03-28 01:32:39'),
(837, 13, 'restaurant', 20.60753310, 72.90858450, '2026-03-28 01:33:44'),
(838, 13, 'restaurant', 20.60756350, 72.90853950, '2026-03-28 01:33:47'),
(839, 13, 'restaurant', 20.60756350, 72.90853950, '2026-03-28 01:33:58'),
(840, 13, 'restaurant', 20.60750240, 72.90863110, '2026-03-28 01:34:17'),
(841, 13, 'restaurant', 20.60750240, 72.90863110, '2026-03-28 01:34:22'),
(842, 13, 'restaurant', 20.60749790, 72.90863120, '2026-03-28 01:37:08'),
(843, 13, 'restaurant', 20.60749790, 72.90863180, '2026-03-28 01:37:22'),
(844, 13, 'restaurant', 20.60749790, 72.90863180, '2026-03-28 01:37:32'),
(845, 13, 'restaurant', 20.60750230, 72.90862830, '2026-03-28 01:37:37'),
(846, 13, 'restaurant', 20.60750230, 72.90862830, '2026-03-28 01:37:52'),
(847, 13, 'restaurant', 20.60749790, 72.90863120, '2026-03-28 01:38:07'),
(848, 13, 'restaurant', 20.60749790, 72.90863120, '2026-03-28 01:39:29'),
(849, 13, 'restaurant', 20.60749790, 72.90863120, '2026-03-28 01:39:29'),
(850, 13, 'restaurant', 20.60749790, 72.90863120, '2026-03-28 01:39:32'),
(851, 13, 'restaurant', 20.60763070, 72.90841410, '2026-03-28 01:40:08'),
(852, 13, 'restaurant', 20.60775850, 72.90866760, '2026-03-28 01:45:18'),
(853, 13, 'restaurant', 20.60775850, 72.90866760, '2026-03-28 01:45:27'),
(854, 13, 'restaurant', 20.60764190, 72.90854800, '2026-03-28 01:45:33'),
(855, 13, 'restaurant', 20.60764190, 72.90854800, '2026-03-28 01:45:43'),
(856, 13, 'restaurant', 20.60775700, 72.90848900, '2026-03-28 01:46:47'),
(857, 13, 'restaurant', 20.60775700, 72.90848900, '2026-03-28 01:46:58'),
(858, 13, 'restaurant', 20.60760500, 72.90850600, '2026-03-28 01:47:33'),
(859, 13, 'restaurant', 20.60769370, 72.90862770, '2026-03-28 01:47:47'),
(860, 13, 'restaurant', 20.60769370, 72.90862770, '2026-03-28 01:47:57'),
(861, 13, 'restaurant', 20.60770750, 72.90835010, '2026-03-28 01:48:48'),
(862, 13, 'restaurant', 20.60770750, 72.90835010, '2026-03-28 01:48:52'),
(863, 13, 'restaurant', 20.60770750, 72.90835010, '2026-03-28 01:49:02'),
(864, 13, 'restaurant', 20.60764140, 72.90839210, '2026-03-28 01:49:07'),
(865, 13, 'restaurant', 20.60760560, 72.90840850, '2026-03-28 01:49:22'),
(866, 13, 'restaurant', 20.60755840, 72.90853140, '2026-03-28 01:49:38'),
(867, 13, 'restaurant', 20.60759820, 72.90843910, '2026-03-28 01:49:49'),
(868, 13, 'restaurant', 20.60759820, 72.90843910, '2026-03-28 01:49:52'),
(869, 13, 'restaurant', 20.60757120, 72.90851120, '2026-03-28 01:50:07'),
(870, 13, 'restaurant', 20.60756490, 72.90852340, '2026-03-28 01:50:21'),
(871, 13, 'restaurant', 20.60756490, 72.90852340, '2026-03-28 01:50:32'),
(872, 12, 'delivery', 20.60756490, 72.90852340, '2026-03-28 01:50:32'),
(873, 7, 'restaurant', 20.60761980, 72.90845730, '2026-03-28 01:50:36'),
(874, 7, 'restaurant', 20.60761980, 72.90845730, '2026-03-28 01:50:37'),
(875, 7, 'restaurant', 20.60761980, 72.90845730, '2026-03-28 01:50:48'),
(876, 7, 'restaurant', 20.60760650, 72.90836660, '2026-03-28 01:50:55'),
(877, 12, 'delivery', 20.60763470, 72.90840350, '2026-03-28 01:51:16'),
(878, 13, 'restaurant', 20.60759320, 72.90844480, '2026-03-28 01:51:18'),
(879, 13, 'restaurant', 20.60759320, 72.90844480, '2026-03-28 01:51:22'),
(880, 12, 'delivery', 20.60759320, 72.90844480, '2026-03-28 01:51:24'),
(881, 13, 'restaurant', 20.60759320, 72.90844480, '2026-03-28 01:51:27'),
(882, 12, 'delivery', 20.60765360, 72.90834810, '2026-03-28 01:51:32'),
(883, 12, 'delivery', 20.60765360, 72.90834810, '2026-03-28 01:51:36'),
(884, 13, 'restaurant', 20.60765360, 72.90834810, '2026-03-28 01:51:39'),
(885, 12, 'delivery', 20.60765360, 72.90834810, '2026-03-28 01:51:41'),
(886, 13, 'restaurant', 20.60762880, 72.90841790, '2026-03-28 01:51:57'),
(887, 12, 'delivery', 20.60758800, 72.90848540, '2026-03-28 01:52:01'),
(888, 12, 'delivery', 20.60769670, 72.90817170, '2026-03-28 01:52:06'),
(889, 12, 'delivery', 20.60769670, 72.90817170, '2026-03-28 01:52:11'),
(890, 13, 'restaurant', 20.60769670, 72.90817170, '2026-03-28 01:52:14'),
(891, 12, 'delivery', 20.60769670, 72.90817170, '2026-03-28 01:52:16'),
(892, 13, 'restaurant', 20.60769670, 72.90817170, '2026-03-28 01:52:17'),
(893, 13, 'restaurant', 20.60769670, 72.90817170, '2026-03-28 01:52:22'),
(894, 12, 'delivery', 20.60763790, 72.90834970, '2026-03-28 01:52:32'),
(895, 12, 'delivery', 20.60767150, 72.90828530, '2026-03-28 01:52:47'),
(896, 7, 'restaurant', 20.60767150, 72.90828530, '2026-03-28 01:52:49'),
(897, 12, 'delivery', 20.60767150, 72.90828530, '2026-03-28 01:52:52'),
(898, 7, 'restaurant', 20.60760120, 72.90854590, '2026-03-28 01:53:03'),
(899, 7, 'restaurant', 20.60760120, 72.90854590, '2026-03-28 01:53:13'),
(900, 7, 'restaurant', 20.60768960, 72.90844090, '2026-03-28 01:53:23'),
(901, 12, 'delivery', 20.60768960, 72.90844090, '2026-03-28 01:53:27'),
(902, 13, 'restaurant', 20.60762710, 72.90842670, '2026-03-28 01:53:32'),
(903, 13, 'restaurant', 20.60753280, 72.90862980, '2026-03-28 01:53:47'),
(904, 13, 'restaurant', 20.60758500, 72.90858080, '2026-03-28 01:54:02'),
(905, 13, 'restaurant', 20.60758500, 72.90858080, '2026-03-28 01:54:12'),
(906, 13, 'restaurant', 20.60759600, 72.90856970, '2026-03-28 01:54:17'),
(907, 13, 'restaurant', 20.60764300, 72.90832810, '2026-03-28 01:54:32'),
(908, 13, 'restaurant', 20.60758190, 72.90848350, '2026-03-28 01:54:47'),
(909, 13, 'restaurant', 20.60758190, 72.90848350, '2026-03-28 01:54:57'),
(910, 13, 'restaurant', 20.60765190, 72.90818370, '2026-03-30 05:46:35'),
(911, 13, 'restaurant', 20.60769220, 72.90824130, '2026-03-30 05:46:51'),
(912, 13, 'restaurant', 20.60766130, 72.90830130, '2026-03-30 05:47:21'),
(913, 13, 'restaurant', 20.60765620, 72.90830310, '2026-03-30 05:47:26'),
(914, 7, 'restaurant', 20.60769270, 72.90825430, '2026-03-30 05:48:43'),
(915, 7, 'restaurant', 20.60769270, 72.90825430, '2026-03-30 05:48:54'),
(916, 7, 'restaurant', 20.60772290, 72.90832610, '2026-03-30 05:49:03'),
(917, 13, 'restaurant', 20.60762030, 72.90833820, '2026-03-30 05:49:16'),
(918, 13, 'restaurant', 20.60760520, 72.90839240, '2026-03-30 05:49:41'),
(919, 13, 'restaurant', 20.60763070, 72.90874460, '2026-03-30 05:51:00'),
(920, 13, 'restaurant', 20.60762830, 72.90875990, '2026-03-30 05:51:10'),
(921, 13, 'restaurant', 20.60759620, 72.90847230, '2026-03-30 05:51:15'),
(922, 13, 'restaurant', 20.60769550, 72.90861910, '2026-03-30 05:51:29'),
(923, 13, 'restaurant', 20.60770680, 72.90864410, '2026-03-30 05:51:40'),
(924, 13, 'restaurant', 20.60770630, 72.90826980, '2026-03-30 05:51:44'),
(925, 13, 'restaurant', 20.60770480, 72.90821120, '2026-03-30 05:51:55'),
(926, 13, 'restaurant', 20.60769340, 72.90825050, '2026-03-30 05:52:14'),
(927, 13, 'restaurant', 20.60768810, 72.90828850, '2026-03-30 05:52:44'),
(928, 13, 'restaurant', 20.60768810, 72.90828850, '2026-03-30 05:52:54'),
(929, 13, 'restaurant', 20.60771060, 72.90828280, '2026-03-30 05:53:33'),
(930, 13, 'restaurant', 20.60771060, 72.90828280, '2026-03-30 05:53:37'),
(931, 13, 'restaurant', 20.60772200, 72.90837190, '2026-03-30 05:54:47'),
(932, 13, 'restaurant', 20.60772200, 72.90837190, '2026-03-30 05:54:57'),
(933, 13, 'restaurant', 20.60770080, 72.90825750, '2026-03-30 05:55:02'),
(934, 13, 'restaurant', 20.60741290, 72.90866780, '2026-03-30 05:55:07'),
(935, 13, 'restaurant', 20.60739520, 72.90869000, '2026-03-30 05:55:14'),
(936, 13, 'restaurant', 20.60741990, 72.90866090, '2026-03-30 05:55:16'),
(937, 13, 'restaurant', 20.60741670, 72.90869560, '2026-03-30 05:55:27'),
(938, 13, 'restaurant', 20.60758050, 72.90881920, '2026-03-30 05:55:32'),
(939, 13, 'restaurant', 20.60768610, 72.90863740, '2026-03-30 05:55:47'),
(940, 12, 'delivery', 20.60768610, 72.90863740, '2026-03-30 05:55:53'),
(941, 13, 'restaurant', 20.60772190, 72.90858310, '2026-03-30 05:55:57'),
(942, 7, 'restaurant', 20.60753060, 72.90856550, '2026-03-30 05:56:06'),
(943, 7, 'restaurant', 20.60752440, 72.90856100, '2026-03-30 05:56:12'),
(944, 13, 'restaurant', 20.60752440, 72.90856100, '2026-03-30 05:56:15'),
(945, 13, 'restaurant', 20.60752440, 72.90856100, '2026-03-30 05:56:16'),
(946, 7, 'restaurant', 20.60752440, 72.90856100, '2026-03-30 05:56:16'),
(947, 13, 'restaurant', 20.60752440, 72.90856100, '2026-03-30 05:56:22'),
(948, 7, 'restaurant', 20.60748120, 72.90850120, '2026-03-30 05:56:27'),
(949, 12, 'delivery', 20.60761560, 72.90835930, '2026-03-30 05:56:32'),
(950, 12, 'delivery', 20.60739800, 72.90867210, '2026-03-30 05:56:40'),
(951, 12, 'delivery', 20.60742400, 72.90859520, '2026-03-30 05:56:45'),
(952, 12, 'delivery', 20.60743960, 72.90855660, '2026-03-30 05:56:50'),
(953, 12, 'delivery', 20.60742970, 72.90856440, '2026-03-30 05:56:55'),
(954, 12, 'delivery', 20.60742320, 72.90857320, '2026-03-30 05:57:00'),
(955, 12, 'delivery', 20.60742240, 72.90857490, '2026-03-30 05:57:05'),
(956, 12, 'delivery', 20.60741730, 72.90858010, '2026-03-30 05:57:10'),
(957, 12, 'delivery', 20.60741480, 72.90857840, '2026-03-30 05:57:15'),
(958, 12, 'delivery', 20.60740920, 72.90857300, '2026-03-30 05:57:20'),
(959, 13, 'restaurant', 20.60740920, 72.90857300, '2026-03-30 05:57:21'),
(960, 13, 'restaurant', 20.60740920, 72.90857300, '2026-03-30 05:57:22'),
(961, 13, 'restaurant', 20.60738880, 72.90855550, '2026-03-30 05:57:26'),
(962, 13, 'restaurant', 20.60738880, 72.90855550, '2026-03-30 05:57:32'),
(963, 12, 'delivery', 20.60738830, 72.90855500, '2026-03-30 05:57:36'),
(964, 13, 'restaurant', 20.60738830, 72.90855500, '2026-03-30 05:57:37'),
(965, 12, 'delivery', 20.60765320, 72.90917410, '2026-03-30 05:57:40'),
(966, 13, 'restaurant', 20.60765320, 72.90917410, '2026-03-30 05:57:49'),
(967, 12, 'delivery', 20.60760330, 72.90883870, '2026-03-30 05:57:59'),
(968, 7, 'restaurant', 20.60760330, 72.90883870, '2026-03-30 05:58:02'),
(969, 7, 'restaurant', 20.60760330, 72.90883870, '2026-03-30 05:58:02'),
(970, 12, 'delivery', 20.60760330, 72.90883870, '2026-03-30 05:58:04'),
(971, 7, 'restaurant', 20.60760330, 72.90883870, '2026-03-30 05:58:28'),
(972, 7, 'restaurant', 20.60765880, 72.90855040, '2026-03-30 05:58:36'),
(973, 7, 'restaurant', 20.60768740, 72.90841300, '2026-03-30 05:58:52'),
(974, 7, 'restaurant', 20.60768740, 72.90841300, '2026-03-30 05:58:57'),
(975, 7, 'restaurant', 20.60768740, 72.90841300, '2026-03-30 05:59:11'),
(976, 11, 'customer', 20.62131770, 72.92517210, '2026-04-20 00:31:34'),
(977, 11, 'customer', 20.62131770, 72.92517210, '2026-04-20 00:31:39'),
(978, 12, 'delivery', 20.62030940, 72.92704710, '2026-04-20 00:50:34'),
(979, 11, 'customer', 20.60773500, 72.90905970, '2026-04-20 02:40:28'),
(980, 11, 'customer', 20.60773590, 72.90906050, '2026-04-20 02:41:20'),
(981, 11, 'customer', 20.60773680, 72.90905940, '2026-04-20 02:41:25'),
(982, 11, 'customer', 20.60773680, 72.90905940, '2026-04-20 02:41:27'),
(983, 11, 'customer', 20.60773750, 72.90905740, '2026-04-20 02:41:38'),
(984, 11, 'customer', 20.60773750, 72.90905740, '2026-04-20 02:41:42'),
(985, 11, 'customer', 20.60773700, 72.90905970, '2026-04-20 02:41:57'),
(986, 11, 'customer', 20.60773830, 72.90906020, '2026-04-20 02:44:56'),
(987, 11, 'customer', 20.60773700, 72.90905950, '2026-04-20 02:45:08'),
(988, 11, 'customer', 20.60773700, 72.90905950, '2026-04-20 02:45:12'),
(989, 7, 'restaurant', 20.60773720, 72.90905940, '2026-04-20 02:45:17'),
(990, 7, 'restaurant', 20.60773640, 72.90906060, '2026-04-20 02:45:32'),
(991, 11, 'customer', 20.60773640, 72.90906060, '2026-04-20 02:45:37'),
(992, 7, 'restaurant', 20.60773690, 72.90906040, '2026-04-20 02:45:39'),
(993, 7, 'restaurant', 20.60773530, 72.90905870, '2026-04-20 02:45:53'),
(994, 7, 'restaurant', 20.60774480, 72.90906190, '2026-04-20 02:46:07'),
(995, 7, 'restaurant', 20.60773670, 72.90905920, '2026-04-20 02:46:17'),
(996, 7, 'restaurant', 20.60773700, 72.90905940, '2026-04-20 02:46:37'),
(997, 7, 'restaurant', 20.60773590, 72.90905980, '2026-04-20 02:47:12'),
(998, 7, 'restaurant', 20.60773890, 72.90905930, '2026-04-20 02:47:27'),
(999, 7, 'restaurant', 20.60773720, 72.90905800, '2026-04-20 02:47:34'),
(1000, 7, 'restaurant', 20.60773720, 72.90905800, '2026-04-20 02:47:37'),
(1001, 7, 'restaurant', 20.60773520, 72.90905650, '2026-04-20 02:47:52'),
(1002, 7, 'restaurant', 20.60773740, 72.90905900, '2026-04-20 02:48:14'),
(1003, 7, 'restaurant', 20.60773740, 72.90905900, '2026-04-20 02:48:17'),
(1004, 7, 'restaurant', 20.60773790, 72.90905970, '2026-04-20 02:49:17'),
(1005, 7, 'restaurant', 20.60774020, 72.90905900, '2026-04-20 02:49:32'),
(1006, 7, 'restaurant', 20.60773650, 72.90906010, '2026-04-20 02:49:47'),
(1007, 7, 'restaurant', 20.60773800, 72.90905990, '2026-04-20 02:50:27'),
(1008, 11, 'customer', 20.60773490, 72.90906020, '2026-04-20 02:50:41'),
(1009, 7, 'restaurant', 20.60773490, 72.90906020, '2026-04-20 02:50:42'),
(1010, 11, 'customer', 20.60773490, 72.90906020, '2026-04-20 02:50:42'),
(1011, 11, 'customer', 20.60773710, 72.90905840, '2026-04-20 02:50:49'),
(1012, 11, 'customer', 20.60773710, 72.90905840, '2026-04-20 02:50:52'),
(1013, 11, 'customer', 20.60769570, 72.90910070, '2026-04-20 02:51:07'),
(1014, 11, 'customer', 20.60773700, 72.90905880, '2026-04-20 02:51:22'),
(1015, 11, 'customer', 20.60773790, 72.90905730, '2026-04-20 02:51:30'),
(1016, 11, 'customer', 20.60773790, 72.90905730, '2026-04-20 02:51:32'),
(1017, 7, 'restaurant', 20.60773370, 72.90906050, '2026-04-20 02:51:51'),
(1018, 11, 'customer', 20.60773370, 72.90906050, '2026-04-20 02:51:52'),
(1019, 7, 'restaurant', 20.60773370, 72.90906050, '2026-04-20 02:52:02'),
(1020, 11, 'customer', 20.60773730, 72.90905790, '2026-04-20 02:52:08'),
(1021, 11, 'customer', 20.60773730, 72.90905900, '2026-04-20 02:52:22'),
(1022, 11, 'customer', 20.60773730, 72.90905690, '2026-04-20 02:52:37'),
(1023, 11, 'customer', 20.60773710, 72.90905930, '2026-04-20 02:52:45'),
(1024, 11, 'customer', 20.60773710, 72.90905930, '2026-04-20 02:52:47'),
(1025, 11, 'customer', 20.60773720, 72.90905800, '2026-04-20 02:53:02'),
(1026, 11, 'customer', 20.60773740, 72.90905780, '2026-04-20 02:53:17'),
(1027, 7, 'restaurant', 20.60773750, 72.90905810, '2026-04-20 02:53:31'),
(1028, 7, 'restaurant', 20.60773750, 72.90905810, '2026-04-20 02:53:32'),
(1029, 11, 'customer', 20.60773750, 72.90905810, '2026-04-20 02:53:32'),
(1030, 7, 'restaurant', 20.60773750, 72.90905810, '2026-04-20 02:53:43'),
(1031, 7, 'restaurant', 20.60773850, 72.90905620, '2026-04-20 02:53:47'),
(1032, 11, 'customer', 20.60773850, 72.90905620, '2026-04-20 02:53:48'),
(1033, 11, 'customer', 20.60773850, 72.90905620, '2026-04-20 02:53:52'),
(1034, 7, 'restaurant', 20.60773850, 72.90905620, '2026-04-20 02:53:57'),
(1035, 11, 'customer', 20.60773850, 72.90905620, '2026-04-20 02:53:57'),
(1036, 7, 'restaurant', 20.60773850, 72.90905620, '2026-04-20 02:54:02'),
(1037, 11, 'customer', 20.60773720, 72.90905730, '2026-04-20 02:54:03'),
(1038, 11, 'customer', 20.60773720, 72.90905730, '2026-04-20 02:54:09'),
(1039, 12, 'delivery', 20.60773810, 72.90906020, '2026-04-20 02:54:20'),
(1040, 12, 'delivery', 20.60773810, 72.90906020, '2026-04-20 02:54:21'),
(1041, 12, 'delivery', 20.60773780, 72.90905710, '2026-04-20 02:54:33'),
(1042, 12, 'delivery', 20.60773780, 72.90905710, '2026-04-20 02:54:37'),
(1043, 12, 'delivery', 20.60773720, 72.90905820, '2026-04-20 02:54:47'),
(1044, 11, 'customer', 20.60773720, 72.90905820, '2026-04-20 02:54:47'),
(1045, 12, 'delivery', 20.60773690, 72.90905880, '2026-04-20 02:55:01'),
(1046, 11, 'customer', 20.60773690, 72.90905880, '2026-04-20 02:55:03'),
(1047, 12, 'delivery', 20.60773690, 72.90905880, '2026-04-20 02:55:12'),
(1048, 11, 'customer', 20.60773740, 72.90905790, '2026-04-20 02:55:15'),
(1049, 11, 'customer', 20.60773740, 72.90905790, '2026-04-20 02:55:17'),
(1050, 11, 'customer', 20.60773850, 72.90906000, '2026-04-20 02:55:56'),
(1051, 11, 'customer', 20.60773850, 72.90906000, '2026-04-20 02:55:57'),
(1052, 12, 'delivery', 20.60773850, 72.90906000, '2026-04-20 02:55:58'),
(1053, 11, 'customer', 20.60773640, 72.90905910, '2026-04-20 02:56:12'),
(1054, 11, 'customer', 20.60774410, 72.90905730, '2026-04-20 02:56:28'),
(1055, 11, 'customer', 20.60773680, 72.90905890, '2026-04-20 02:56:43'),
(1056, 11, 'customer', 20.60773680, 72.90905890, '2026-04-20 02:56:53'),
(1057, 11, 'customer', 20.60773590, 72.90906060, '2026-04-20 03:01:15'),
(1058, 11, 'customer', 20.60773590, 72.90906060, '2026-04-20 03:01:17'),
(1059, 11, 'customer', 20.60770810, 72.90907210, '2026-04-20 03:03:09'),
(1060, 11, 'customer', 20.60770810, 72.90907210, '2026-04-20 03:03:12'),
(1061, 11, 'customer', 20.60751380, 72.90885190, '2026-04-20 03:03:35'),
(1062, 11, 'customer', 20.60751380, 72.90885190, '2026-04-20 03:03:37'),
(1063, 11, 'customer', 20.60769050, 72.90911990, '2026-04-20 03:04:08'),
(1064, 11, 'customer', 20.60750180, 72.90885340, '2026-04-20 03:04:15'),
(1065, 11, 'customer', 20.60752390, 72.90902620, '2026-04-20 03:04:28'),
(1066, 11, 'customer', 20.60752390, 72.90902620, '2026-04-20 03:04:37'),
(1067, 11, 'customer', 20.60771400, 72.90906380, '2026-04-20 03:10:37'),
(1068, 11, 'customer', 20.60767800, 72.90914370, '2026-04-20 03:10:52'),
(1069, 11, 'customer', 20.60769100, 72.90910100, '2026-04-20 03:10:59'),
(1070, 11, 'customer', 20.60769100, 72.90910100, '2026-04-20 03:11:02'),
(1071, 11, 'customer', 20.60768060, 72.90826490, '2026-04-20 03:43:45'),
(1072, 11, 'customer', 20.60777700, 72.90843130, '2026-04-20 03:44:11'),
(1073, 11, 'customer', 20.60767830, 72.90827310, '2026-04-20 03:44:30'),
(1074, 11, 'customer', 20.60769300, 72.90825630, '2026-04-20 03:45:08'),
(1075, 11, 'customer', 20.60769400, 72.90825190, '2026-04-20 03:45:59'),
(1076, 11, 'customer', 20.60769190, 72.90824850, '2026-04-20 03:46:20'),
(1077, 11, 'customer', 20.60769190, 72.90824850, '2026-04-20 03:46:25'),
(1078, 11, 'customer', 20.60769190, 72.90824850, '2026-04-20 03:46:29'),
(1079, 11, 'customer', 20.60769180, 72.90824790, '2026-04-20 03:47:04'),
(1080, 11, 'customer', 20.60750380, 72.90861460, '2026-04-20 04:04:18'),
(1081, 11, 'customer', 20.60750190, 72.90861630, '2026-04-20 04:04:33'),
(1082, 11, 'customer', 20.60749830, 72.90861760, '2026-04-20 04:04:40'),
(1083, 11, 'customer', 20.60749830, 72.90861760, '2026-04-20 04:04:43'),
(1084, 11, 'customer', 20.60760600, 72.90860970, '2026-04-20 04:13:17'),
(1085, 11, 'customer', 20.60760600, 72.90860970, '2026-04-20 04:13:22');

-- --------------------------------------------------------

--
-- Table structure for table `menu_items`
--

CREATE TABLE `menu_items` (
  `id` int(10) UNSIGNED NOT NULL,
  `restaurant_id` int(10) UNSIGNED NOT NULL,
  `category_id` int(10) UNSIGNED DEFAULT NULL,
  `name` varchar(150) NOT NULL,
  `description` text DEFAULT NULL,
  `price` decimal(8,2) NOT NULL,
  `image` varchar(255) DEFAULT NULL,
  `image_url` varchar(500) DEFAULT NULL,
  `is_available` tinyint(1) NOT NULL DEFAULT 1,
  `is_veg` tinyint(1) NOT NULL DEFAULT 0,
  `created_at` timestamp NOT NULL DEFAULT current_timestamp(),
  `updated_at` timestamp NOT NULL DEFAULT current_timestamp() ON UPDATE current_timestamp()
) ENGINE=InnoDB DEFAULT CHARSET=utf8mb4 COLLATE=utf8mb4_unicode_ci;

--
-- Dumping data for table `menu_items`
--

INSERT INTO `menu_items` (`id`, `restaurant_id`, `category_id`, `name`, `description`, `price`, `image`, `image_url`, `is_available`, `is_veg`, `created_at`, `updated_at`) VALUES
(1, 1, 1, 'Veg Spring Rolls', 'https://encrypted-tbn0.gstatic.com/images?q=tbn:ANd9GcQgjVBlOKPYOcNfYK8cccuy9BLvS7Y-gK1Jhg&s', 120.00, NULL, 'https://encrypted-tbn0.gstatic.com/images?q=tbn:ANd9GcQgjVBlOKPYOcNfYK8cccuy9BLvS7Y-gK1Jhg&s', 1, 1, '2026-02-27 07:50:15', '2026-03-13 05:18:44'),
(2, 1, 1, 'Chicken Tikka', 'Marinated chicken grilled in tandoor', 220.00, NULL, NULL, 1, 0, '2026-02-27 07:50:15', '2026-02-27 07:50:15'),
(3, 2, NULL, 'Special Gujarati Thali', 'Unlimited Gujarati Thali with Rotli, Dal, Rice, 3 Sabzi, Sweet, and Chaas', 250.00, NULL, 'http://c08f-2401-4900-c01c-7bb5-84b5-8072-225f-8edc.ngrok-free.app/onlineFoodDelivery/backend/uploads/menu/item_3_1774678999.jpg', 1, 1, '2026-02-27 07:50:31', '2026-03-28 06:23:19'),
(4, 2, NULL, 'Khaman Dhokla', 'Soft and spongy steamed gram flour snack', 80.00, NULL, 'data:image/jpeg;base64,/9j/4AAQSkZJRgABAQAAAQABAAD/2wCEAAkGBxMTEhUTEhMWFhUXGRobGBgYGSAfHRsgIBsdHyEeIR4fHyggHRolHh4fIjEhJSkrLi4uGyAzODMsNygtLisBCgoKDg0OGxAQGy0lICUtLS8tKy0vLS0tLS8tLS0tNS0tLy8tLS0tLS8tLS8tLy0tLS0tLS0tLS0tLS0tLS0tLf/AABEIAN4A4wMBIgACEQEDEQH/xAAcAAACAwADAQAAAAAAAAAAAAAFBgMEBwABAgj/xABEEAACAQIEBAQDBgMGBQIHAAABAhEDIQAEEjEFQVFhBhMicTKBkQcjQqGx8BRSwWJyotHh8RUzQ4KSU5MWJGODsrPC/8QAGgEAAgMBAQAAAAAAAAAAAAAAAgMAAQQFBv/EADARAAICAgEDAwIFAwUBAAAAAAECABEDITEEEkETIlEUcQVhgZHwMqHxI0JS0eEV/9oADAMBA', 1, 1, '2026-02-27 07:50:31', '2026-03-13 05:20:14'),
(5, 3, 7, 'Aloo Tikki Burger', 'Classic spiced potato patty burger with mayo and lettuce', 70.00, NULL, NULL, 1, 1, '2026-02-27 07:50:31', '2026-02-27 07:50:31'),
(6, 3, 7, 'Cheese Maharaja Burger', 'Double patty burger with extra cheese and secret sauce', 150.00, NULL, NULL, 1, 1, '2026-02-27 07:50:31', '2026-02-27 07:50:31'),
(7, 2, NULL, 'Khaman', 'darjan', 50.00, NULL, 'http://e4da-27-60-16-142.ngrok-free.app/onlineFoodDelivery/uploads/menu/item_7_1772275077.jpg', 1, 1, '2026-02-28 10:27:50', '2026-02-28 10:37:57'),
(8, 2, NULL, 'Khaman', 'darjan', 50.00, NULL, 'http://e4da-27-60-16-142.ngrok-free.app/onlineFoodDeliverybackend/uploads/menu/item_8_1772275261.jpg', 1, 1, '2026-02-28 10:27:51', '2026-02-28 10:41:01'),
(9, 2, 6, 'Khaman', '', 50.00, NULL, 'https://encrypted-tbn0.gstatic.com/images?q=tbn:ANd9GcS8Srj_zIsRTVxPGMtgYd5RipWOcLYK7BOkEA&s', 1, 1, '2026-02-28 10:41:28', '2026-04-20 06:14:48'),
(10, 2, NULL, 'Khamni', '', 50.00, NULL, '', 1, 1, '2026-02-28 10:41:29', '2026-04-20 06:15:22'),
(11, 4, 9, 'Pav Bhaji', '', 50.00, NULL, '', 1, 1, '2026-03-01 05:53:26', '2026-03-01 05:53:26'),
(12, 4, 9, 'Vada Pav', '', 50.00, NULL, '', 1, 1, '2026-03-01 05:53:38', '2026-03-01 05:53:38'),
(13, 2, 5, 'Samosa', 'Aloo Khalo', 40.00, NULL, 'https://encrypted-tbn0.gstatic.com/images?q=tbn:ANd9GcTziLGAVLqDPAKahLpI4hvAT_gvQ8fda61vfQ&s', 1, 1, '2026-04-20 06:16:02', '2026-04-20 06:17:00'),
(14, 2, 10, 'Gujarati Thali', 'Chas \nPapad\nJeera Rice\nDaal Tardka', 150.00, NULL, 'https://www.nehascookbook.com/wp-content/uploads/2022/10/Shrad-thali-WS-500x500.jpg', 1, 1, '2026-04-20 06:19:13', '2026-04-20 06:20:25');

-- --------------------------------------------------------

--
-- Table structure for table `orders`
--

CREATE TABLE `orders` (
  `id` int(10) UNSIGNED NOT NULL,
  `user_id` int(10) UNSIGNED NOT NULL,
  `restaurant_id` int(10) UNSIGNED NOT NULL,
  `delivery_boy_id` int(10) UNSIGNED DEFAULT NULL,
  `address_id` int(10) UNSIGNED DEFAULT NULL,
  `delivery_option` enum('current','custom') NOT NULL DEFAULT 'current',
  `flat_no` varchar(100) DEFAULT NULL,
  `landmark` varchar(255) DEFAULT NULL,
  `delivery_lat` decimal(10,8) DEFAULT NULL,
  `delivery_lng` decimal(11,8) DEFAULT NULL,
  `payment_method` enum('cod','upi') NOT NULL DEFAULT 'cod',
  `payment_status` enum('pending','successful','failed','refunded') NOT NULL DEFAULT 'pending',
  `order_status` enum('pending','accepted','preparing','ready_for_pickup','assigned','reached_restaurant','out_for_delivery','delivered','cancelled','rejected') NOT NULL,
  `delivery_otp` varchar(6) DEFAULT NULL,
  `subtotal` decimal(10,2) NOT NULL,
  `delivery_charge` decimal(10,2) NOT NULL DEFAULT 0.00,
  `tax_amount` decimal(10,2) DEFAULT 0.00,
  `tip_amount` decimal(10,2) NOT NULL DEFAULT 0.00,
  `total_amount` decimal(10,2) NOT NULL,
  `coupon_code` varchar(50) DEFAULT NULL,
  `coupon_discount` decimal(10,2) NOT NULL DEFAULT 0.00,
  `special_notes` text DEFAULT NULL,
  `created_at` timestamp NOT NULL DEFAULT current_timestamp(),
  `updated_at` timestamp NOT NULL DEFAULT current_timestamp() ON UPDATE current_timestamp(),
  `delivered_at` timestamp NULL DEFAULT NULL,
  `accepted_at` datetime DEFAULT NULL,
  `preparing_at` datetime DEFAULT NULL,
  `ready_at` datetime DEFAULT NULL,
  `assigned_at` datetime DEFAULT NULL,
  `reached_restaurant_at` datetime DEFAULT NULL,
  `picked_up_at` datetime DEFAULT NULL,
  `cancellation_reason` varchar(255) DEFAULT NULL,
  `cancelled_at` datetime DEFAULT NULL,
  `broadcast_attempts` tinyint(4) NOT NULL DEFAULT 0,
  `broadcast_started_at` datetime DEFAULT NULL,
  `boy_base_charge` decimal(8,2) NOT NULL DEFAULT 30.00,
  `boy_distance_charge` decimal(8,2) NOT NULL DEFAULT 0.00,
  `boy_tip_paid` decimal(8,2) NOT NULL DEFAULT 0.00
) ENGINE=InnoDB DEFAULT CHARSET=utf8mb4 COLLATE=utf8mb4_unicode_ci;

--
-- Dumping data for table `orders`
--

INSERT INTO `orders` (`id`, `user_id`, `restaurant_id`, `delivery_boy_id`, `address_id`, `delivery_option`, `flat_no`, `landmark`, `delivery_lat`, `delivery_lng`, `payment_method`, `payment_status`, `order_status`, `delivery_otp`, `subtotal`, `delivery_charge`, `tax_amount`, `tip_amount`, `total_amount`, `coupon_code`, `coupon_discount`, `special_notes`, `created_at`, `updated_at`, `delivered_at`, `accepted_at`, `preparing_at`, `ready_at`, `assigned_at`, `reached_restaurant_at`, `picked_up_at`, `cancellation_reason`, `cancelled_at`, `broadcast_attempts`, `broadcast_started_at`, `boy_base_charge`, `boy_distance_charge`, `boy_tip_paid`) VALUES
(1, 2, 2, 2, 3, 'current', NULL, NULL, NULL, NULL, 'cod', 'pending', 'assigned', '815320', 250.00, 40.00, 12.50, 0.00, 302.50, '', 0.00, '', '2026-02-27 09:06:46', '2026-02-28 06:32:13', NULL, NULL, NULL, NULL, '0000-00-00 00:00:00', NULL, NULL, NULL, NULL, 0, NULL, 30.00, 0.00, 0.00),
(2, 6, 2, NULL, 2, 'current', NULL, NULL, NULL, NULL, 'cod', 'pending', 'accepted', '445808', 250.00, 40.00, 12.50, 20.00, 322.50, '', 0.00, '', '2026-02-27 09:34:19', '2026-02-27 09:34:55', NULL, NULL, NULL, NULL, NULL, NULL, NULL, NULL, NULL, 0, NULL, 30.00, 0.00, 0.00),
(3, 6, 3, NULL, 2, 'current', NULL, NULL, NULL, NULL, 'cod', 'pending', 'pending', '247223', 150.00, 40.00, 7.50, 20.00, 217.50, '', 0.00, '', '2026-02-27 10:10:55', '2026-02-27 10:10:55', NULL, NULL, NULL, NULL, NULL, NULL, NULL, NULL, NULL, 0, NULL, 30.00, 0.00, 0.00),
(4, 6, 2, NULL, 2, 'current', NULL, NULL, NULL, NULL, 'cod', 'pending', 'accepted', '158817', 250.00, 40.00, 12.50, 0.00, 302.50, '', 0.00, '', '2026-02-27 10:11:36', '2026-02-27 10:11:55', NULL, NULL, NULL, NULL, NULL, NULL, NULL, NULL, NULL, 0, NULL, 30.00, 0.00, 0.00),
(5, 11, 2, 1, 4, 'current', NULL, NULL, 20.61280000, 72.93140000, 'cod', 'successful', 'delivered', '263404', 250.00, 40.00, 12.50, 10.00, 312.50, '', 0.00, '', '2026-02-27 14:32:34', '2026-02-28 07:52:27', '2026-02-28 03:22:27', '2026-02-28 07:15:33', '2026-02-28 07:15:37', '2026-02-28 07:15:51', '0000-00-00 00:00:00', '2026-02-28 13:21:47', '2026-02-28 13:22:01', 'No delivery partner available', '2026-02-28 12:02:02', 1, '2026-02-28 12:02:24', 30.00, 0.00, 0.00),
(7, 11, 2, 1, NULL, 'current', 'motataiwad', '', 20.62109550, 72.92673630, 'cod', 'successful', 'delivered', '273349', 250.00, 40.00, 12.50, 0.00, 302.50, '', 0.00, '', '2026-02-28 08:04:37', '2026-02-28 08:15:16', '2026-02-28 03:45:16', '2026-02-28 13:44:01', '2026-02-28 13:44:02', '2026-02-28 13:44:03', '2026-02-28 13:44:17', '2026-02-28 13:44:40', '2026-02-28 13:44:47', NULL, NULL, 1, '2026-02-28 13:44:01', 30.00, 0.00, 0.00),
(8, 11, 2, NULL, NULL, 'current', 'MotaTaiwad', '', 20.62114030, 72.92538690, 'cod', 'pending', 'cancelled', '514101', 80.00, 40.00, 4.00, 20.00, 144.00, '', 0.00, '', '2026-02-28 09:50:58', '2026-02-28 09:57:39', NULL, '2026-02-28 15:22:35', '2026-02-28 15:22:40', '2026-02-28 15:22:41', NULL, NULL, NULL, 'No delivery partner available', '2026-02-28 15:27:39', 3, '2026-02-28 15:22:35', 30.00, 0.00, 0.00),
(9, 11, 2, NULL, NULL, 'current', '', '', 20.62142840, 72.92476990, 'cod', 'pending', 'cancelled', '660369', 250.00, 40.00, 12.50, 10.00, 312.50, '', 0.00, '', '2026-02-28 09:55:58', '2026-02-28 10:13:49', NULL, '2026-02-28 15:26:18', '2026-02-28 15:26:20', '2026-02-28 15:26:21', NULL, NULL, NULL, 'No delivery partner available', '2026-02-28 15:43:49', 3, '2026-02-28 15:26:18', 30.00, 0.00, 0.00),
(10, 11, 2, 1, NULL, 'current', 'Motataiwad', '', 20.62145680, 72.92480660, 'cod', 'successful', 'delivered', '172498', 250.00, 40.00, 12.50, 20.00, 322.50, '', 0.00, '', '2026-02-28 09:59:25', '2026-02-28 10:13:27', '2026-02-28 05:43:27', '2026-02-28 15:29:33', '2026-02-28 15:29:34', '2026-02-28 15:29:35', '2026-02-28 15:29:54', '2026-02-28 15:34:58', '2026-02-28 15:42:35', NULL, NULL, 1, '2026-02-28 15:29:33', 30.00, 0.00, 0.00),
(11, 11, 4, NULL, 9, 'current', 'MOTATAIWAD', '', 20.62148950, 72.92468710, 'cod', 'pending', 'cancelled', '665721', 50.00, 40.00, 2.50, 20.00, 112.50, '', 0.00, '', '2026-03-01 05:56:05', '2026-03-01 06:02:24', NULL, '2026-03-01 11:26:20', '2026-03-01 11:26:25', '2026-03-01 11:26:28', NULL, NULL, NULL, 'No delivery partner available', '2026-03-01 11:32:24', 3, '2026-03-01 11:26:20', 30.00, 0.00, 0.00),
(12, 11, 4, 4, 10, 'current', '', '', 20.62142760, 72.92465100, 'cod', 'successful', 'delivered', '356657', 100.00, 40.00, 5.00, 10.00, 155.00, '', 0.00, '', '2026-03-01 05:59:17', '2026-03-01 06:02:09', '2026-03-01 01:32:09', '2026-03-01 11:29:49', '2026-03-01 11:29:50', '2026-03-01 11:29:51', '2026-03-01 11:30:09', '2026-03-01 11:30:24', '2026-03-01 11:30:35', NULL, NULL, 1, '2026-03-01 11:29:49', 30.00, 0.00, 0.00),
(13, 11, 4, NULL, 11, 'current', 'MOTATAIWAD', '', 20.62140050, 72.92460030, 'cod', 'pending', 'cancelled', '531798', 50.00, 40.00, 2.50, 10.00, 102.50, '', 0.00, '', '2026-03-01 06:40:04', '2026-03-01 06:46:09', NULL, '2026-03-01 12:11:05', '2026-03-01 12:11:13', '2026-03-01 12:11:19', NULL, NULL, NULL, 'No delivery partner available', '2026-03-01 12:16:09', 3, '2026-03-01 12:11:05', 30.00, 0.00, 0.00),
(14, 11, 4, 4, 12, 'current', 'valsad', '', 20.62145760, 72.92465000, 'cod', 'successful', 'delivered', '779639', 50.00, 40.00, 2.50, 10.00, 102.50, '', 0.00, '', '2026-03-01 06:43:33', '2026-03-01 06:44:35', '2026-03-01 02:14:35', '2026-03-01 12:13:51', '2026-03-01 12:13:52', '2026-03-01 12:13:52', '2026-03-01 12:14:05', '2026-03-01 12:14:13', '2026-03-01 12:14:18', NULL, NULL, 1, '2026-03-01 12:13:51', 30.00, 0.00, 0.00),
(15, 13, 2, NULL, 13, 'current', '', '', 20.60769200, 72.90825680, 'cod', 'pending', 'cancelled', '446084', 50.00, 40.00, 2.50, 0.00, 92.50, '', 0.00, '', '2026-03-10 06:13:48', '2026-03-10 06:20:21', NULL, '2026-03-10 11:44:35', '2026-03-10 11:44:38', '2026-03-10 11:45:02', NULL, NULL, NULL, 'No delivery partner available', '2026-03-10 11:50:21', 3, '2026-03-10 11:44:35', 30.00, 0.00, 0.00),
(16, 13, 2, 4, 14, 'current', '', '', 20.60755400, 72.90844060, 'cod', 'successful', 'delivered', '554643', 50.00, 40.00, 2.50, 0.00, 92.50, '', 0.00, '', '2026-03-10 06:17:12', '2026-03-10 06:19:43', '2026-03-10 01:49:43', '2026-03-10 11:47:33', '2026-03-10 11:47:34', '2026-03-10 11:47:36', '2026-03-10 11:48:01', '2026-03-10 11:48:21', '2026-03-10 11:48:28', NULL, NULL, 1, '2026-03-10 11:47:33', 30.00, 0.00, 0.00),
(17, 13, 2, 4, 15, 'current', '', '', 20.60746910, 72.90877500, 'upi', 'successful', 'delivered', '552170', 50.00, 40.00, 2.50, 0.00, 92.50, '', 0.00, '', '2026-03-10 06:35:33', '2026-03-10 08:01:15', '2026-03-10 03:31:15', '2026-03-10 12:05:53', '2026-03-10 12:05:55', '2026-03-10 12:06:01', '2026-03-10 13:29:38', '2026-03-10 13:29:45', '2026-03-10 13:29:51', NULL, NULL, 3, '2026-03-10 12:05:53', 30.00, 0.00, 0.00),
(18, 13, 2, 4, 16, 'current', '', '', 20.62184500, 72.92495330, 'cod', 'successful', 'delivered', '268297', 50.00, 40.00, 2.50, 0.00, 92.50, '', 0.00, 'Extra cheez', '2026-03-10 07:43:47', '2026-03-13 05:08:21', '2026-03-13 00:38:21', '2026-03-10 13:15:08', '2026-03-10 13:27:03', '2026-03-10 13:27:05', '2026-03-13 10:37:25', '2026-03-13 10:37:29', '2026-03-13 10:37:48', NULL, NULL, 1, '2026-03-10 13:15:08', 30.00, 0.00, 0.00),
(19, 13, 2, NULL, 17, 'current', '', '', 20.62195670, 72.92486170, 'upi', 'refunded', 'rejected', '137834', 50.00, 40.00, 2.50, 0.00, 92.50, '', 0.00, '', '2026-03-10 08:01:59', '2026-03-10 08:02:14', NULL, NULL, NULL, NULL, NULL, NULL, NULL, NULL, NULL, 0, NULL, 30.00, 0.00, 0.00),
(20, 13, 2, NULL, 18, 'current', '', '', 20.62134230, 72.92669030, 'upi', 'refunded', 'cancelled', '499982', 100.00, 40.00, 5.00, 0.00, 145.00, '', 0.00, 'make heavy', '2026-03-11 06:21:20', '2026-03-11 06:21:29', NULL, NULL, NULL, NULL, NULL, NULL, NULL, 'Cancelled by customer', '2026-03-11 07:21:29', 0, NULL, 30.00, 0.00, 0.00),
(21, 13, 2, NULL, 19, 'current', '', '', 20.62137350, 72.92667070, 'upi', 'refunded', 'rejected', '215576', 50.00, 40.00, 2.50, 0.00, 92.50, '', 0.00, '', '2026-03-11 06:24:36', '2026-03-11 06:24:50', NULL, NULL, NULL, NULL, NULL, NULL, NULL, NULL, NULL, 0, NULL, 30.00, 0.00, 0.00),
(22, 13, 2, 4, 20, 'current', 'Valsad', '', 20.62160990, 72.92471830, 'cod', 'successful', 'delivered', '957519', 50.00, 40.00, 2.50, 0.00, 92.50, '', 0.00, '', '2026-03-12 09:28:31', '2026-03-12 09:43:09', '2026-03-12 05:13:09', '2026-03-12 15:09:02', '2026-03-12 15:09:04', '2026-03-12 15:09:06', '2026-03-12 15:12:27', '2026-03-12 15:12:37', '2026-03-12 15:12:43', NULL, NULL, 1, '2026-03-12 15:09:02', 30.00, 0.00, 0.00),
(23, 13, 2, 4, NULL, 'current', 'taiwad', '', 20.62102300, 72.92706580, 'cod', 'successful', 'delivered', '616936', 50.00, 40.00, 2.50, 10.00, 102.50, '', 0.00, 'make spicy', '2026-03-13 05:21:05', '2026-03-13 05:22:21', '2026-03-13 00:52:21', '2026-03-13 10:51:25', '2026-03-13 10:51:27', '2026-03-13 10:51:29', '2026-03-13 10:51:51', '2026-03-13 10:51:57', '2026-03-13 10:52:03', NULL, NULL, 1, '2026-03-13 10:51:25', 30.00, 0.00, 0.00),
(24, 13, 2, 4, 22, 'current', '01', 'Tithal road', 20.60760560, 72.90840850, 'cod', 'successful', 'delivered', '855588', 250.00, 40.00, 12.50, 10.00, 312.50, '', 0.00, '', '2026-03-28 06:20:07', '2026-03-28 06:22:19', '2026-03-28 01:52:19', '2026-03-28 11:50:43', '2026-03-28 11:50:46', '2026-03-28 11:50:50', '2026-03-28 11:51:01', '2026-03-28 11:51:08', '2026-03-28 11:51:24', NULL, NULL, 1, '2026-03-28 11:50:43', 30.00, 0.00, 0.00),
(25, 13, 2, 4, 23, 'current', '3', 'Tithal', 20.60772200, 72.90837190, 'cod', 'successful', 'delivered', '685659', 50.00, 40.00, 2.50, 10.00, 102.50, '', 0.00, 'gaya', '2026-03-30 09:25:31', '2026-03-30 09:27:40', '2026-03-30 05:57:40', '2026-03-30 14:56:11', '2026-03-30 14:56:19', '2026-03-30 14:56:22', '2026-03-30 14:56:35', '2026-03-30 14:57:12', '2026-03-30 14:57:17', NULL, NULL, 1, '2026-03-30 14:56:11', 30.00, 0.00, 0.00),
(26, 11, 2, 4, 24, 'current', 'dsu', '', 20.60773730, 72.90905690, 'upi', 'successful', 'delivered', '243367', 150.00, 40.00, 7.50, 10.00, 207.50, '', 0.00, 'make spicy', '2026-04-20 06:23:14', '2026-04-20 06:25:18', '2026-04-20 02:55:18', '2026-04-20 11:53:39', '2026-04-20 11:53:51', '2026-04-20 11:53:59', '2026-04-20 11:54:21', '2026-04-20 11:54:28', '2026-04-20 11:55:03', NULL, NULL, 1, '2026-04-20 11:53:39', 30.00, 0.00, 0.00);

-- --------------------------------------------------------

--
-- Table structure for table `order_items`
--

CREATE TABLE `order_items` (
  `id` int(10) UNSIGNED NOT NULL,
  `order_id` int(10) UNSIGNED NOT NULL,
  `menu_item_id` int(10) UNSIGNED DEFAULT NULL,
  `quantity` int(10) UNSIGNED NOT NULL DEFAULT 1,
  `price` decimal(8,2) NOT NULL,
  `name` varchar(150) NOT NULL
) ENGINE=InnoDB DEFAULT CHARSET=utf8mb4 COLLATE=utf8mb4_unicode_ci;

--
-- Dumping data for table `order_items`
--

INSERT INTO `order_items` (`id`, `order_id`, `menu_item_id`, `quantity`, `price`, `name`) VALUES
(1, 1, 3, 1, 250.00, 'Special Gujarati Thali'),
(2, 2, 3, 1, 250.00, 'Special Gujarati Thali'),
(3, 3, 6, 1, 150.00, 'Cheese Maharaja Burger'),
(4, 4, 3, 1, 250.00, 'Special Gujarati Thali'),
(5, 5, 3, 1, 250.00, 'Special Gujarati Thali'),
(6, 7, 3, 1, 250.00, 'Special Gujarati Thali'),
(7, 8, 4, 1, 80.00, 'Khaman Dhokla'),
(8, 9, 3, 1, 250.00, 'Special Gujarati Thali'),
(9, 10, 3, 1, 250.00, 'Special Gujarati Thali'),
(10, 11, 11, 1, 50.00, 'Pav Bhaji'),
(11, 12, 11, 1, 50.00, 'Pav Bhaji'),
(12, 12, 12, 1, 50.00, 'Vada Pav'),
(13, 13, 11, 1, 50.00, 'Pav Bhaji'),
(14, 14, 11, 1, 50.00, 'Pav Bhaji'),
(15, 15, 9, 1, 50.00, 'Khaman'),
(16, 16, 9, 1, 50.00, 'Khaman'),
(17, 17, 9, 1, 50.00, 'Khaman'),
(18, 18, 9, 1, 50.00, 'Khaman'),
(19, 19, 9, 1, 50.00, 'Khaman'),
(20, 20, 9, 2, 50.00, 'Khaman'),
(21, 21, 9, 1, 50.00, 'Khaman'),
(22, 22, 9, 1, 50.00, 'Khaman'),
(23, 23, 9, 1, 50.00, 'Khaman'),
(24, 24, 3, 1, 250.00, 'Special Gujarati Thali'),
(25, 25, 9, 1, 50.00, 'Khaman'),
(26, 26, 14, 1, 150.00, 'Gujarati Thali');

-- --------------------------------------------------------

--
-- Table structure for table `restaurants`
--

CREATE TABLE `restaurants` (
  `id` int(10) UNSIGNED NOT NULL,
  `user_id` int(10) UNSIGNED NOT NULL,
  `name` varchar(150) NOT NULL,
  `address` text NOT NULL,
  `lat` decimal(10,8) DEFAULT NULL,
  `lng` decimal(11,8) DEFAULT NULL,
  `cuisine` varchar(100) DEFAULT NULL,
  `opening_time` time NOT NULL DEFAULT '09:00:00',
  `closing_time` time NOT NULL DEFAULT '22:00:00',
  `status` enum('pending','approved','suspended','closed') NOT NULL DEFAULT 'pending',
  `image` varchar(255) DEFAULT NULL,
  `image_url` varchar(500) DEFAULT NULL,
  `rating_avg` decimal(3,2) NOT NULL DEFAULT 0.00,
  `rating_count` int(10) UNSIGNED NOT NULL DEFAULT 0,
  `created_at` timestamp NOT NULL DEFAULT current_timestamp(),
  `updated_at` timestamp NOT NULL DEFAULT current_timestamp() ON UPDATE current_timestamp(),
  `operator_status` enum('online','busy','closed') NOT NULL DEFAULT 'online'
) ENGINE=InnoDB DEFAULT CHARSET=utf8mb4 COLLATE=utf8mb4_unicode_ci;

--
-- Dumping data for table `restaurants`
--

INSERT INTO `restaurants` (`id`, `user_id`, `name`, `address`, `lat`, `lng`, `cuisine`, `opening_time`, `closing_time`, `status`, `image`, `image_url`, `rating_avg`, `rating_count`, `created_at`, `updated_at`, `operator_status`) VALUES
(1, 3, 'Spice Garden', '12, MG Road, Bengaluru', 12.97160000, 77.59460000, 'Indian', '09:00:00', '22:00:00', 'approved', NULL, NULL, 4.50, 0, '2026-02-27 07:50:15', '2026-02-27 07:50:15', 'online'),
(2, 7, 'Gujarati Delights', 'Station Road, Valsad, Gujarat', 20.60773850, 72.90905620, 'Gujarati', '09:00:00', '22:00:00', 'approved', NULL, 'https://encrypted-tbn0.gstatic.com/images?q=tbn:ANd9GcRPV2pwTUbgqJhoOJU5DZhu3sWmEDNaGhyu5A&s', 5.00, 3, '2026-02-27 07:50:31', '2026-04-20 06:26:11', 'online'),
(3, 8, 'Valsad Fast Food', 'Tithal Road, Valsad, Gujarat', 20.60500000, 72.92000000, 'Fast Food', '09:00:00', '22:00:00', 'approved', NULL, 'https://encrypted-tbn0.gstatic.com/images?q=tbn:ANd9GcTde8jfCjc4_umOo3-YSNVkXXvqjmcBuy21qg&s', 4.50, 15, '2026-02-27 07:50:31', '2026-03-13 05:16:47', 'online'),
(4, 13, 'Test Touch', 'MOTATAIWAD VALSA', 20.60765320, 72.90917410, NULL, '09:00:00', '22:00:00', 'approved', NULL, 'https://encrypted-tbn0.gstatic.com/images?q=tbn:ANd9GcSCgQw2T_2vEZG3YCnjY4pR8U_wXYXm9znmZQ&s', 5.00, 1, '2026-03-01 05:52:50', '2026-03-30 09:27:49', 'online');

-- --------------------------------------------------------

--
-- Table structure for table `reviews`
--

CREATE TABLE `reviews` (
  `id` int(10) UNSIGNED NOT NULL,
  `order_id` int(10) UNSIGNED NOT NULL,
  `user_id` int(10) UNSIGNED NOT NULL,
  `rating` tinyint(3) UNSIGNED NOT NULL,
  `comment` text DEFAULT NULL,
  `review_for` enum('restaurant','delivery_boy') NOT NULL,
  `created_at` timestamp NOT NULL DEFAULT current_timestamp()
) ENGINE=InnoDB DEFAULT CHARSET=utf8mb4 COLLATE=utf8mb4_unicode_ci;

--
-- Dumping data for table `reviews`
--

INSERT INTO `reviews` (`id`, `order_id`, `user_id`, `rating`, `comment`, `review_for`, `created_at`) VALUES
(1, 7, 11, 5, '', 'restaurant', '2026-02-28 08:15:39'),
(2, 7, 11, 4, '', 'delivery_boy', '2026-02-28 08:15:40'),
(3, 10, 11, 5, '', 'restaurant', '2026-02-28 10:16:07'),
(4, 10, 11, 5, '', 'delivery_boy', '2026-02-28 10:16:07'),
(5, 12, 11, 5, '', 'restaurant', '2026-03-01 06:03:11'),
(6, 12, 11, 5, '', 'delivery_boy', '2026-03-01 06:03:11'),
(7, 26, 11, 5, 'mast bhai mast', 'restaurant', '2026-04-20 06:26:11'),
(8, 26, 11, 5, '', 'delivery_boy', '2026-04-20 06:26:11');

-- --------------------------------------------------------

--
-- Table structure for table `settings`
--

CREATE TABLE `settings` (
  `id` int(10) UNSIGNED NOT NULL,
  `setting_key` varchar(100) NOT NULL,
  `value` text DEFAULT NULL,
  `updated_at` timestamp NOT NULL DEFAULT current_timestamp() ON UPDATE current_timestamp()
) ENGINE=InnoDB DEFAULT CHARSET=utf8mb4 COLLATE=utf8mb4_unicode_ci;

--
-- Dumping data for table `settings`
--

INSERT INTO `settings` (`id`, `setting_key`, `value`, `updated_at`) VALUES
(1, 'delivery_charge', '40.00', '2026-02-27 07:50:15'),
(2, 'tax_percent', '5.00', '2026-02-27 07:50:15'),
(3, 'restaurant_visibility_radius', '15', '2026-02-27 07:50:15'),
(4, 'app_name', 'FoodDash', '2026-02-27 07:50:15'),
(5, 'delivery_avg_speed_kmh', '30', '2026-02-28 06:00:41'),
(6, 'broadcast_radius_km', '20', '2026-02-28 06:00:41'),
(7, 'broadcast_timeout_sec', '30', '2026-02-28 06:00:41'),
(8, 'broadcast_max_retries', '3', '2026-02-28 06:00:41'),
(9, 'broadcast_total_timeout_sec', '300', '2026-02-28 06:00:41');

-- --------------------------------------------------------

--
-- Table structure for table `users`
--

CREATE TABLE `users` (
  `id` int(10) UNSIGNED NOT NULL,
  `name` varchar(100) NOT NULL,
  `phone` varchar(20) NOT NULL,
  `email` varchar(100) NOT NULL,
  `password` varchar(255) NOT NULL,
  `role` enum('customer','restaurant','delivery_boy','admin') NOT NULL DEFAULT 'customer',
  `fcm_token` text DEFAULT NULL,
  `is_active` tinyint(1) NOT NULL DEFAULT 1,
  `created_at` timestamp NOT NULL DEFAULT current_timestamp(),
  `updated_at` timestamp NOT NULL DEFAULT current_timestamp() ON UPDATE current_timestamp()
) ENGINE=InnoDB DEFAULT CHARSET=utf8mb4 COLLATE=utf8mb4_unicode_ci;

--
-- Dumping data for table `users`
--

INSERT INTO `users` (`id`, `name`, `phone`, `email`, `password`, `role`, `fcm_token`, `is_active`, `created_at`, `updated_at`) VALUES
(1, 'Admin User', '9000000000', 'admin@foodapp.com', 'Admin@123', 'admin', NULL, 1, '2026-02-27 07:50:15', '2026-02-27 07:50:15'),
(2, 'Rahul Sharma', '9876543210', 'rahul@example.com', 'Test@123', 'customer', NULL, 1, '2026-02-27 07:50:15', '2026-02-27 07:50:15'),
(3, 'Spice Garden Owner', '9123456780', 'spicegarden@example.com', 'Test@123', 'restaurant', NULL, 1, '2026-02-27 07:50:15', '2026-02-27 07:50:15'),
(4, 'Ravi Kumar', '9111222333', 'ravi@example.com', 'Test@123', 'delivery_boy', NULL, 1, '2026-02-27 07:50:15', '2026-02-27 07:50:15'),
(5, 'Amit Patel', '9988776655', 'amit@valsad.com', '$2y$10$e0MYzXyjpJS7Pd0RVvHwHeFOnNVsP6n9n9p8EHB6nH/iGjU/YyKGu', 'customer', NULL, 1, '2026-02-27 07:50:31', '2026-02-27 07:50:31'),
(6, 'Sneha Desai', '9988776654', 'sneha@valsad.com', 'Test@123', 'customer', NULL, 1, '2026-02-27 07:50:31', '2026-02-27 09:08:18'),
(7, 'Gujarati Delights Owner', '9123456701', 'delights@valsad.com', 'Test@123', 'restaurant', NULL, 1, '2026-02-27 07:50:31', '2026-02-27 09:10:55'),
(8, 'Valsad Fast Food Owner', '9123456702', 'fastfood@valsad.com', '$2y$10$e0MYzXyjpJS7Pd0RVvHwHeFOnNVsP6n9n9p8EHB6nH/iGjU/YyKGu', 'restaurant', NULL, 1, '2026-02-27 07:50:31', '2026-02-27 07:50:31'),
(9, 'Karan Rider', '9000111222', 'karan@valsad.com', 'Test@123', 'delivery_boy', NULL, 1, '2026-02-27 07:50:31', '2026-02-27 09:12:35'),
(10, 'Vijay Rider', '9000111223', 'vijay@valsad.com', '$2y$10$e0MYzXyjpJS7Pd0RVvHwHeFOnNVsP6n9n9p8EHB6nH/iGjU/YyKGu', 'delivery_boy', NULL, 1, '2026-02-27 07:50:31', '2026-02-27 07:50:31'),
(11, 'saad', '9601253045', 'saad01@gmail.com', 'saad001', 'customer', NULL, 1, '2026-02-27 14:31:49', '2026-02-27 14:31:49'),
(12, 'Xyz', '9601253048', 'del@gmail.com', 'Test@123', 'delivery_boy', NULL, 1, '2026-03-01 05:50:00', '2026-03-01 06:14:27'),
(13, 'saadsema', '9690434648', 'saad@gmail.com', 'Test@123', 'restaurant', NULL, 1, '2026-03-01 05:52:50', '2026-03-01 05:52:50');

--
-- Indexes for dumped tables
--

--
-- Indexes for table `addresses`
--
ALTER TABLE `addresses`
  ADD PRIMARY KEY (`id`),
  ADD KEY `fk_addr_user` (`user_id`);

--
-- Indexes for table `categories`
--
ALTER TABLE `categories`
  ADD PRIMARY KEY (`id`),
  ADD KEY `fk_cat_rest` (`restaurant_id`);

--
-- Indexes for table `chat_messages`
--
ALTER TABLE `chat_messages`
  ADD PRIMARY KEY (`id`),
  ADD KEY `fk_cm_order` (`order_id`),
  ADD KEY `fk_cm_sender` (`sender_id`);

--
-- Indexes for table `coupons`
--
ALTER TABLE `coupons`
  ADD PRIMARY KEY (`id`),
  ADD UNIQUE KEY `code` (`code`);

--
-- Indexes for table `delivery_boys`
--
ALTER TABLE `delivery_boys`
  ADD PRIMARY KEY (`id`),
  ADD UNIQUE KEY `user_id` (`user_id`);

--
-- Indexes for table `delivery_requests`
--
ALTER TABLE `delivery_requests`
  ADD PRIMARY KEY (`id`),
  ADD KEY `dr_order_id_foreign` (`order_id`),
  ADD KEY `dr_boy_id_foreign` (`delivery_boy_id`);

--
-- Indexes for table `delivery_tracking`
--
ALTER TABLE `delivery_tracking`
  ADD PRIMARY KEY (`id`),
  ADD KEY `delivery_tracking_order_id_foreign` (`order_id`);

--
-- Indexes for table `location_tracking`
--
ALTER TABLE `location_tracking`
  ADD PRIMARY KEY (`id`),
  ADD KEY `lt_user_role` (`user_id`,`role`),
  ADD KEY `lt_recorded_at` (`recorded_at`);

--
-- Indexes for table `menu_items`
--
ALTER TABLE `menu_items`
  ADD PRIMARY KEY (`id`),
  ADD KEY `fk_item_rest` (`restaurant_id`),
  ADD KEY `fk_item_cat` (`category_id`);

--
-- Indexes for table `orders`
--
ALTER TABLE `orders`
  ADD PRIMARY KEY (`id`),
  ADD KEY `fk_ord_user` (`user_id`),
  ADD KEY `fk_ord_rest` (`restaurant_id`),
  ADD KEY `fk_ord_db` (`delivery_boy_id`),
  ADD KEY `fk_ord_addr` (`address_id`);

--
-- Indexes for table `order_items`
--
ALTER TABLE `order_items`
  ADD PRIMARY KEY (`id`),
  ADD KEY `fk_oi_order` (`order_id`),
  ADD KEY `fk_oi_item` (`menu_item_id`);

--
-- Indexes for table `restaurants`
--
ALTER TABLE `restaurants`
  ADD PRIMARY KEY (`id`),
  ADD KEY `fk_rest_user` (`user_id`);

--
-- Indexes for table `reviews`
--
ALTER TABLE `reviews`
  ADD PRIMARY KEY (`id`),
  ADD UNIQUE KEY `uq_order_review` (`order_id`,`review_for`),
  ADD KEY `fk_rev_user` (`user_id`);

--
-- Indexes for table `settings`
--
ALTER TABLE `settings`
  ADD PRIMARY KEY (`id`),
  ADD UNIQUE KEY `setting_key` (`setting_key`);

--
-- Indexes for table `users`
--
ALTER TABLE `users`
  ADD PRIMARY KEY (`id`),
  ADD UNIQUE KEY `phone` (`phone`),
  ADD UNIQUE KEY `email` (`email`),
  ADD KEY `idx_role` (`role`);

--
-- AUTO_INCREMENT for dumped tables
--

--
-- AUTO_INCREMENT for table `addresses`
--
ALTER TABLE `addresses`
  MODIFY `id` int(10) UNSIGNED NOT NULL AUTO_INCREMENT, AUTO_INCREMENT=25;

--
-- AUTO_INCREMENT for table `categories`
--
ALTER TABLE `categories`
  MODIFY `id` int(10) UNSIGNED NOT NULL AUTO_INCREMENT, AUTO_INCREMENT=11;

--
-- AUTO_INCREMENT for table `chat_messages`
--
ALTER TABLE `chat_messages`
  MODIFY `id` int(10) UNSIGNED NOT NULL AUTO_INCREMENT, AUTO_INCREMENT=13;

--
-- AUTO_INCREMENT for table `coupons`
--
ALTER TABLE `coupons`
  MODIFY `id` int(10) UNSIGNED NOT NULL AUTO_INCREMENT, AUTO_INCREMENT=8;

--
-- AUTO_INCREMENT for table `delivery_boys`
--
ALTER TABLE `delivery_boys`
  MODIFY `id` int(10) UNSIGNED NOT NULL AUTO_INCREMENT, AUTO_INCREMENT=5;

--
-- AUTO_INCREMENT for table `delivery_requests`
--
ALTER TABLE `delivery_requests`
  MODIFY `id` int(10) UNSIGNED NOT NULL AUTO_INCREMENT, AUTO_INCREMENT=63;

--
-- AUTO_INCREMENT for table `delivery_tracking`
--
ALTER TABLE `delivery_tracking`
  MODIFY `id` int(10) UNSIGNED NOT NULL AUTO_INCREMENT, AUTO_INCREMENT=185;

--
-- AUTO_INCREMENT for table `location_tracking`
--
ALTER TABLE `location_tracking`
  MODIFY `id` bigint(20) UNSIGNED NOT NULL AUTO_INCREMENT, AUTO_INCREMENT=1086;

--
-- AUTO_INCREMENT for table `menu_items`
--
ALTER TABLE `menu_items`
  MODIFY `id` int(10) UNSIGNED NOT NULL AUTO_INCREMENT, AUTO_INCREMENT=15;

--
-- AUTO_INCREMENT for table `orders`
--
ALTER TABLE `orders`
  MODIFY `id` int(10) UNSIGNED NOT NULL AUTO_INCREMENT, AUTO_INCREMENT=27;

--
-- AUTO_INCREMENT for table `order_items`
--
ALTER TABLE `order_items`
  MODIFY `id` int(10) UNSIGNED NOT NULL AUTO_INCREMENT, AUTO_INCREMENT=27;

--
-- AUTO_INCREMENT for table `restaurants`
--
ALTER TABLE `restaurants`
  MODIFY `id` int(10) UNSIGNED NOT NULL AUTO_INCREMENT, AUTO_INCREMENT=5;

--
-- AUTO_INCREMENT for table `reviews`
--
ALTER TABLE `reviews`
  MODIFY `id` int(10) UNSIGNED NOT NULL AUTO_INCREMENT, AUTO_INCREMENT=9;

--
-- AUTO_INCREMENT for table `settings`
--
ALTER TABLE `settings`
  MODIFY `id` int(10) UNSIGNED NOT NULL AUTO_INCREMENT, AUTO_INCREMENT=11;

--
-- AUTO_INCREMENT for table `users`
--
ALTER TABLE `users`
  MODIFY `id` int(10) UNSIGNED NOT NULL AUTO_INCREMENT, AUTO_INCREMENT=14;

--
-- Constraints for dumped tables
--

--
-- Constraints for table `addresses`
--
ALTER TABLE `addresses`
  ADD CONSTRAINT `fk_addr_user` FOREIGN KEY (`user_id`) REFERENCES `users` (`id`) ON DELETE CASCADE;

--
-- Constraints for table `categories`
--
ALTER TABLE `categories`
  ADD CONSTRAINT `fk_cat_rest` FOREIGN KEY (`restaurant_id`) REFERENCES `restaurants` (`id`) ON DELETE CASCADE;

--
-- Constraints for table `chat_messages`
--
ALTER TABLE `chat_messages`
  ADD CONSTRAINT `fk_cm_order` FOREIGN KEY (`order_id`) REFERENCES `orders` (`id`) ON DELETE CASCADE,
  ADD CONSTRAINT `fk_cm_sender` FOREIGN KEY (`sender_id`) REFERENCES `users` (`id`) ON DELETE CASCADE;

--
-- Constraints for table `delivery_boys`
--
ALTER TABLE `delivery_boys`
  ADD CONSTRAINT `fk_db_user` FOREIGN KEY (`user_id`) REFERENCES `users` (`id`) ON DELETE CASCADE;

--
-- Constraints for table `delivery_requests`
--
ALTER TABLE `delivery_requests`
  ADD CONSTRAINT `dr_boy_id_foreign` FOREIGN KEY (`delivery_boy_id`) REFERENCES `delivery_boys` (`id`) ON DELETE CASCADE,
  ADD CONSTRAINT `dr_order_id_foreign` FOREIGN KEY (`order_id`) REFERENCES `orders` (`id`) ON DELETE CASCADE;

--
-- Constraints for table `delivery_tracking`
--
ALTER TABLE `delivery_tracking`
  ADD CONSTRAINT `delivery_tracking_order_id_foreign` FOREIGN KEY (`order_id`) REFERENCES `orders` (`id`) ON DELETE CASCADE;

--
-- Constraints for table `menu_items`
--
ALTER TABLE `menu_items`
  ADD CONSTRAINT `fk_item_cat` FOREIGN KEY (`category_id`) REFERENCES `categories` (`id`) ON DELETE SET NULL,
  ADD CONSTRAINT `fk_item_rest` FOREIGN KEY (`restaurant_id`) REFERENCES `restaurants` (`id`) ON DELETE CASCADE;

--
-- Constraints for table `orders`
--
ALTER TABLE `orders`
  ADD CONSTRAINT `fk_ord_addr` FOREIGN KEY (`address_id`) REFERENCES `addresses` (`id`) ON DELETE SET NULL,
  ADD CONSTRAINT `fk_ord_db` FOREIGN KEY (`delivery_boy_id`) REFERENCES `delivery_boys` (`id`) ON DELETE SET NULL,
  ADD CONSTRAINT `fk_ord_rest` FOREIGN KEY (`restaurant_id`) REFERENCES `restaurants` (`id`),
  ADD CONSTRAINT `fk_ord_user` FOREIGN KEY (`user_id`) REFERENCES `users` (`id`);

--
-- Constraints for table `order_items`
--
ALTER TABLE `order_items`
  ADD CONSTRAINT `fk_oi_item` FOREIGN KEY (`menu_item_id`) REFERENCES `menu_items` (`id`) ON DELETE SET NULL,
  ADD CONSTRAINT `fk_oi_order` FOREIGN KEY (`order_id`) REFERENCES `orders` (`id`) ON DELETE CASCADE;

--
-- Constraints for table `restaurants`
--
ALTER TABLE `restaurants`
  ADD CONSTRAINT `fk_rest_user` FOREIGN KEY (`user_id`) REFERENCES `users` (`id`) ON DELETE CASCADE;

--
-- Constraints for table `reviews`
--
ALTER TABLE `reviews`
  ADD CONSTRAINT `fk_rev_order` FOREIGN KEY (`order_id`) REFERENCES `orders` (`id`) ON DELETE CASCADE,
  ADD CONSTRAINT `fk_rev_user` FOREIGN KEY (`user_id`) REFERENCES `users` (`id`) ON DELETE CASCADE;
COMMIT;

/*!40101 SET CHARACTER_SET_CLIENT=@OLD_CHARACTER_SET_CLIENT */;
/*!40101 SET CHARACTER_SET_RESULTS=@OLD_CHARACTER_SET_RESULTS */;
/*!40101 SET COLLATION_CONNECTION=@OLD_COLLATION_CONNECTION */;
